Workbook
Name Cat1_Motivos: Taxonomia!$A$2:$A$6
Name Cat1_Sugestoes: Taxonomia!$B$2:$B$6
Name Cat2_Motivos: Taxonomia!$C$2:$C$3
Name Cat2_Sugestoes: Taxonomia!$D$2
Name Cat3_Motivos: Taxonomia!$E$2:$E$3
Name Cat3_Sugestoes: Taxonomia!$F$2
Name Cat4_Motivos: Taxonomia!$G$2:$G$4
Name Cat4_Sugestoes: Taxonomia!$H$2:$H$5
Name Cat5_Motivos: Taxonomia!$I$2
Name Cat5_Sugestoes: Taxonomia!$J$2:$J$3
Name Cat6_Motivos: Taxonomia!$K$2:$K$5
Name Cat6_Sugestoes: Taxonomia!$L$2:$L$5
Name Cat7_Motivos: Taxonomia!$M$2:$M$7
Name Cat7_Sugestoes: Taxonomia!$N$2:$N$5
Name Cat8_Motivos: Taxonomia!$O$2:$O$3
Name Cat8_Sugestoes: Taxonomia!$P$2:$P$3
Name Cat9_Motivos: Taxonomia!$Q$2:$Q$3
Name Cat9_Sugestoes: Taxonomia!$R$2:$R$4
Name Cat10_Motivos: Taxonomia!$S$2:$S$4
Name Cat10_Sugestoes: Taxonomia!$T$2:$T$4
Name Cat11_Motivos: Taxonomia!$U$2:$U$7
Name Cat11_Sugestoes: Taxonomia!$V$2:$V$5
Name Cat12_Motivos: Taxonomia!$W$2:$W$4
Name Cat12_Sugestoes: Taxonomia!$X$2:$X$4

Sheet Taxonomia
A1: Cat1_Motivos (Dose) | B1: Cat1_Sugestoes (Dose) | C1: Cat2_Motivos (Dispensação) | D1: Cat2_Sugestoes (Dispensação) | E1: Cat3_Motivos (Frequência de Administração) | F1: Cat3_Sugestoes (Frequência de Administração) | G1: Cat4_Motivos (Via / Forma Farmacêutica) | H1: Cat4_Sugestoes (Via / Forma Farmacêutica) | I1: Cat5_Motivos (Administração por Sonda) | J1: Cat5_Sugestoes (Administração por Sonda) | K1: Cat6_Motivos (Tempo de Infusão & Diluição) | L1: Cat6_Sugestoes (Tempo de Infusão & Diluição) | M1: Cat7_Motivos (Indicação & Resposta Terapêutica) | N1: Cat7_Sugestoes (Indicação & Resposta Terapêutica) | O1: Cat8_Motivos (Exames & Dispositivos) | P1: Cat8_Sugestoes (Exames & Dispositivos) | Q1: Cat9_Motivos (Reação Adversa (RAM)) | R1: Cat9_Sugestoes (Reação Adversa (RAM)) | S1: Cat10_Motivos (Incompatibilidade & Interações) | T1: Cat10_Sugestoes (Incompatibilidade & Interações) | U1: Cat11_Motivos (Gerenciamento de Antimicrobianos (Stewardship)) | V1: Cat11_Sugestoes (Gerenciamento de Antimicrobianos (Stewardship)) | W1: Cat12_Motivos (Analgesia Multimodal) | X1: Cat12_Sugestoes (Analgesia Multimodal)
A2: Necessidade de dose de ataque | B2: Fazer dose de ataque | C2: Medicamento indisponível | D2: Substituir medicamento | E2: Frequência aumentada (menor intervalo) | F2: Ajustar frequência | G2: Via inadequada para condição clínica | H2: Substituir forma farmacêutica | I2: Administração inadequada por sonda enteral | J2: Substituir forma/medicamento/via | K2: Tempo de infusão não adequado/ausente | L2: Ajustar/incluir tempo de infusão | M2: Duplicidade / Sem indicação de uso | N2: Suspender/substituir medicamento | O2: Ausência de monitoramento terapêutico | P2: Solicitar exame lab/imagem/cultura/nível sérico | Q2: Risco de reação adversa a medicamento | R2: Ajustar tempo infusão/diluição | S2: Incompatibilidade físico-química | T2: Alterar aprazamento / vias diferentes | U2: Tempo prolongado / Ausência de ficha ATM | V2: Escalonar/Descalonar terapia | W2: Ausência de manejo da dor / Sem resposta | X2: Incluir terapia / medida não farmacológica
A3: Subdose (Literatura) | B3: Ajustar dose/frequência | C3: Medicamento não padronizado | E3: Frequência diminuída (maior intervalo) | G3: Critérios para iniciar transição oral | H3: Substituir medicamento | J3: Diluir com volume adequado para sonda | K3: Indicação de infusão estendida | L3: Prescrever infusão estendida | M3: Medicamento inadequado à condição | N3: Incluir terapia adicional | O3: Risco de infecção de cateter / Cateter infectado | P3: Remover/trocar cateter / Lockterapia | Q3: Reação adversa identificada | R3: Administrar pré-medicação/hidratação | S3: Interação Medicamentosa (Efetividade/Toxicidade) | T3: Pausar, lavar via e administrar | U3: ATM desnecessário / Resistente (Antibiograma) | V3: Suspender/substituir medicamento | W3: Risco de delirium e/ou abstinência | X3: Ajustar dose/frequência / Associar opção
A4: Subdose (Função Renal/PK-PD) | B4: Ajustar dose e frequência | G4: Forma inadequada para a via | H4: Substituir via de administração | K4: Volume diluição/reconstituição ausente/inadequado | L4: Inserir/ajustar volume de diluição | M4: Omissão uso habitual / Condição não tratada | N4: Incluir medida não farmacológica | R4: Suspender/substituir/incluir terapia | S4: Interação Fármaco-Nutriente | T4: Administrar em jejum / Pausar dieta | U4: Empírico inadequado / Sem cobertura | V4: Ajustar dose/frequência/incluir terapia | W4: Uso prolongado de analgosedação | X4: Iniciar desmame / rodízio / sedativo enteral
A5: Sobredose (Literatura) | B5: Dose complementar pós-diálise | H5: Realizar transição oral | K5: Necessidade de restrição hídrica | L5: Substituir diluente / Restringir volume | M5: Escolha em desacordo com protocolo | N5: Ajustar dose e/ou frequência | U5: Sem penetração no sítio infeccioso | V5: Solicitar/renovar ficha de ATM
A6: Sobredose (Função Renal/PK-PD) | B6: Medicamento pós-diálise | M6: Paciente com alergia | U6: Espectro estreito ou amplo em cultura
M7: Terapia sem resposta efetiva | U7: Ausência de profilaxia cirúrgica/clínica

Sheet Listas
A1: Setor | B1: StatusPaciente | C1: HemoStatus | D1: Ventilacao | E1: EstadoNeuro | F1: SimNao | G1: Dieta | H1: Aceitacao | I1: Febre | J1: Categoria | K1: StatusIntervencao | L1: Profissional | M1: Meses | N1: SetorFiltro
A2: UTI neo | B2: Ativo | C2: hemodinamicamente estável | D2: Ar Ambiente | E2: Confortável | F2: Sim | G2: Dieta Zero | H2: Boa Aceitação | I2: Afebril | J2: Dose | K2: Aceita e implementada | L2: Médico | M2: 1 - Janeiro | N2: Todos
A3: UTI ped | B3: Alta | C3: hemodinamicamente instável | D3: VMI por TOT | E3: Agitado | F3: Não | G3: Dieta Oral | H3: Aceitação Parcial | I3: Febre | J3: Dispensação | K3: Aceita, porém não implementada | L3: Residente | M3: 2 - Fevereiro | N3: UTI neo
A4: UCSIN | D4: VMI por TQT | E4: Comatoso | G4: Dieta Oral por Mamadeira | H4: Intolerância à Dieta | J4: Frequência de Administração | K4: Não aceita com justificativa clínica | L4: Enfermeiro | M4: 3 - Março | N4: UTI ped
D5: Cateter Nasal | E5: Arreativo | G5: Dieta Oral por Copinho | J5: Via / Forma Farmacêutica | K5: Não aceita sem justificativa clínica | L5: Técnico de Enfermagem | M5: 4 - Abril | N5: UCSIN
D6: Máscara de Venturi | E6: Reativo | G6: Dieta Enteral em Bomba de Infusão | J6: Administração por Sonda | K6: Pendente de resposta | L6: Fisioterapeuta | M6: 5 - Maio
D7: VNI/CPAP | G7: Dieta Enteral por Gavagem | J7: Tempo de Infusão & Diluição | L7: Fonoaudiólogo | M7: 6 - Junho
G8: NPT | J8: Indicação & Resposta Terapêutica | L8: Nutricionista | M8: 7 - Julho
J9: Exames & Dispositivos | L9: Outro | M9: 8 - Agosto
J10: Reação Adversa (RAM) | M10: 9 - Setembro
J11: Incompatibilidade & Interações | M11: 10 - Outubro
J12: Gerenciamento de Antimicrobianos (Stewardship) | M12: 11 - Novembro
J13: Analgesia Multimodal | M13: 12 - Dezembro

Sheet Pacientes
A1: Nome | B1: Prontuário | C1: Setor | D1: Leito | E1: Status | F1: Data Admissão | G1: Data Alta | H1: Diagnóstico | I1: Reconciliação Realizada?
A2: M.L.C.A. | B2: PED-8942 | C2: UTI ped | D2: UTIP-04 | E2: Ativo | F2: 2026-05-10 | H2: Bronquiolite Viral Aguda Grave | I2: Sim
A3: J.S.O. | B3: PED-7731 | C3: UTI neo | D3: UTIN-02 | E3: Alta | F3: 2026-04-02 | G3: 2026-04-20 | H3: Sepse neonatal precoce | I3: Não
A4: A.B.C. | B4: UCS-3310 | C4: UCSIN | D4: UCS-01 | E4: Ativo | F4: 2026-05-18 | H4: Prematuridade extrema | I4: Sim

Sheet Intervenções
A1: Data | B1: Prontuário | C1: Nome (herdado) | D1: Setor (herdado) | E1: Categoria | F1: Motivo (Intervenção) | G1: Recomendação Farmacêutica | H1: Descrição Adicional (opcional) | I1: Status da Intervenção | J1: Profissional Contatado | K1: Texto Resumo (auxiliar)
A2: 2026-05-14 | B2: PED-8942 | C2: =IFERROR(INDEX(Pacientes!$A:$A,MATCH($B2,Pacientes!$B:$B,0)),"") | D2: =IFERROR(INDEX(Pacientes!$C:$C,MATCH($B2,Pacientes!$B:$B,0)),"") | E2: Gerenciamento de Antimicrobianos (Stewardship) | F2: ATM desnecessário / Resistente (Antibiograma) | G2: Escalonar/Descalonar terapia | H2: Ajuste renal do antimicrobiano recomendado. | I2: Aceita e implementada | J2: Médico | K2: =IF(E2="","",IF(H2<>"",H2,"["&E2&"] "&F2&" → "&G2)&IF(I2<>""," ("&I2&")",""))
A3: 2026-04-03 | B3: PED-7731 | C3: =IFERROR(INDEX(Pacientes!$A:$A,MATCH($B3,Pacientes!$B:$B,0)),"") | D3: =IFERROR(INDEX(Pacientes!$C:$C,MATCH($B3,Pacientes!$B:$B,0)),"") | E3: Dose | F3: Subdose (Literatura) | G3: Fazer dose de ataque | I3: Aceita e implementada | J3: Residente | K3: =IF(E3="","",IF(H3<>"",H3,"["&E3&"] "&F3&" → "&G3)&IF(I3<>""," ("&I3&")",""))
C4: =IFERROR(INDEX(Pacientes!$A:$A,MATCH($B4,Pacientes!$B:$B,0)),"") | D4: =IFERROR(INDEX(Pacientes!$C:$C,MATCH($B4,Pacientes!$B:$B,0)),"") | K4: =IF(E4="","",IF(H4<>"",H4,"["&E4&"] "&F4&" → "&G4)&IF(I4<>""," ("&I4&")",""))
C5: =IFERROR(INDEX(Pacientes!$A:$A,MATCH($B5,Pacientes!$B:$B,0)),"") | D5: =IFERROR(INDEX(Pacientes!$C:$C,MATCH($B5,Pacientes!$B:$B,0)),"") | K5: =IF(E5="","",IF(H5<>"",H5,"["&E5&"] "&F5&" → "&G5)&IF(I5<>""," ("&I5&")",""))
C6: =IFERROR(INDEX(Pacientes!$A:$A,MATCH($B6,Pacientes!$B:$B,0)),"") | D6: =IFERROR(INDEX(Pacientes!$C:$C,MATCH($B6,Pacientes!$B:$B,0)),"") | K6: =IF(E6="","",IF(H6<>"",H6,"["&E6&"] "&F6&" → "&G6)&IF(I6<>""," ("&I6&")",""))
C7: =IFERROR(INDEX(Pacientes!$A:$A,MATCH($B7,Pacientes!$B:$B,0)),"") | D7: =IFERROR(INDEX(Pacientes!$C:$C,MATCH($B7,Pacientes!$B:$B,0)),"") | K7: =IF(E7="","",IF(H7<>"",H7,"["&E7&"] "&F7&" → "&G7)&IF(I7<>""," ("&I7&")",""))
C8: =IFERROR(INDEX(Pacientes!$A:$A,MATCH($B8,Pacientes!$B:$B,0)),"") | D8: =IFERROR(INDEX(Pacientes!$C:$C,MATCH($B8,Pacientes!$B:$B,0)),"") | K8: =IF(E8="","",IF(H8<>"",H8,"["&E8&"] "&F8&" → "&G8)&IF(I8<>""," ("&I8&")",""))
C9: =IFERROR(INDEX(Pacientes!$A:$A,MATCH($B9,Pacientes!$B:$B,0)),"") | D9: =IFERROR(INDEX(Pacientes!$C:$C,MATCH($B9,Pacientes!$B:$B,0)),"") | K9: =IF(E9="","",IF(H9<>"",H9,"["&E9&"] "&F9&" → "&G9)&IF(I9<>""," ("&I9&")",""))
C10: =IFERROR(INDEX(Pacientes!$A:$A,MATCH($B10,Pacientes!$B:$B,0)),"") | D10: =IFERROR(INDEX(Pacientes!$C:$C,MATCH($B10,Pacientes!$B:$B,0)),"") | K10: =IF(E10="","",IF(H10<>"",H10,"["&E10&"] "&F10&" → "&G10)&IF(I10<>""," ("&I10&")",""))
C11: =IFERROR(INDEX(Pacientes!$A:$A,MATCH($B11,Pacientes!$B:$B,0)),"") | D11: =IFERROR(INDEX(Pacientes!$C:$C,MATCH($B11,Pacientes!$B:$B,0)),"") | K11: =IF(E11="","",IF(H11<>"",H11,"["&E11&"] "&F11&" → "&G11)&IF(I11<>""," ("&I11&")",""))
C12: =IFERROR(INDEX(Pacientes!$A:$A,MATCH($B12,Pacientes!$B:$B,0)),"") | D12: =IFERROR(INDEX(Pacientes!$C:$C,MATCH($B12,Pacientes!$B:$B,0)),"") | K12: =IF(E12="","",IF(H12<>"",H12,"["&E12&"] "&F12&" → "&G12)&IF(I12<>""," ("&I12&")",""))
C13: =IFERROR(INDEX(Pacientes!$A:$A,MATCH($B13,Pacientes!$B:$B,0)),"") | D13: =IFERROR(INDEX(Pacientes!$C:$C,MATCH($B13,Pacientes!$B:$B,0)),"") | K13: =IF(E13="","",IF(H13<>"",H13,"["&E13&"] "&F13&" → "&G13)&IF(I13<>""," ("&I13&")",""))
C14: =IFERROR(INDEX(Pacientes!$A:$A,MATCH($B14,Pacientes!$B:$B,0)),"") | D14: =IFERROR(INDEX(Pacientes!$C:$C,MATCH($B14,Pacientes!$B:$B,0)),"") | K14: =IF(E14="","",IF(H14<>"",H14,"["&E14&"] "&F14&" → "&G14)&IF(I14<>""," ("&I14&")",""))
C15: =IFERROR(INDEX(Pacientes!$A:$A,MATCH($B15,Pacientes!$B:$B,0)),"") | D15: =IFERROR(INDEX(Pacientes!$C:$C,MATCH($B15,Pacientes!$B:$B,0)),"") | K15: =IF(E15="","",IF(H15<>"",H15,"["&E15&"] "&F15&" → "&G15)&IF(I15<>""," ("&I15&")",""))
... C300: =IFERROR(INDEX(Pacientes!$A:$A,MATCH($B300,Pacientes!$B:$B,0)),"") | D300: =IFERROR(INDEX(Pacientes!$C:$C,MATCH($B300,Pacientes!$B:$B,0)),"") | K300: =IF(E300="","",IF(H300<>"",H300,"["&E300&"] "&F300&" → "&G300)&IF(I300<>""," ("&I300&")",""))

Sheet Ficha Diária
A1: Prontuário | B1: Nome (herdado) | C1: Setor (herdado) | D1: Leito (herdado) | E1: Status Paciente (herdado) | F1: Data | G1: Medicamentos de Uso Prévio (texto livre) | H1: Histórico de Alergia/RAM (texto livre) | I1: Status Hemodinâmico | J1: Drogas Vasoativas (texto livre) | K1: Suporte Ventilatório | L1: Parâmetros Ventilatórios (FiO2/PEEP) | M1: Estado Neurológico | N1: Sedoanalgesia (texto livre) | O1: Dieta | P1: Aceitação | Q1: Observação Dieta/Aceitação | R1: Febre | S1: Detalhe Febre (Tmax / episódios) | T1: Função Renal (Cr/Ur/Diurese) | U1: Ajuste Renal? | V1: Antimicrobiano(s) (texto livre) | W1: Profilaxia TEV | X1: Profilaxia LAMG | Y1: Profilaxia Úlcera de Córnea | Z1: Corticoide / DART (texto livre) | AA1: Plano Terapêutico | AB1: Conduta 1 (auxiliar) | AC1: Conduta 2 (auxiliar) | AD1: Conduta 3 (auxiliar) | AE1: RECONCILIAÇÃO MEDICAMENTOSA (fórmula) | AF1: EVOLUÇÃO GERADA (fórmula automática)
A2: PED-8942 | B2: =IFERROR(INDEX(Pacientes!$A:$A,MATCH($A2,Pacientes!$B:$B,0)),"") | C2: =IFERROR(INDEX(Pacientes!$C:$C,MATCH($A2,Pacientes!$B:$B,0)),"") | D2: =IFERROR(INDEX(Pacientes!$D:$D,MATCH($A2,Pacientes!$B:$B,0)),"") | E2: =IFERROR(INDEX(Pacientes!$E:$E,MATCH($A2,Pacientes!$B:$B,0)),"") | F2: 2026-05-14 | G2: Losartana 25mg 1x/dia; Sinvastatina 20mg à noite | H2: Alergia a Dipirona (relato de rash cutâneo) | I2: hemodinamicamente instável | J2: Noradrenalina 0.15 mcg/kg/min | K2: VMI por TOT | L2: FiO2 40% | PEEP 7,0 | M2: Confortável | N2: Dexmedetomidina 0.4 mcg/kg/h | O2: Dieta Oral por Mamadeira | P2: Boa Aceitação | R2: Febre | S2: Tmax 38.4°C, 2 episódios | T2: Cr 1.8 mg/dL, Ur 82 mg/dL, Diurese 0.6 mL/kg/h | U2: Sim | V2: Piperacilina + Tazobactam 4.5g IV 6/6h (DTA 2) | W2: Enoxaparina 40mg SC | X2: Omeprazol 40mg IV | Y2: Vidisic gel | AA2: Mantenho acompanhamento farmacoterapêutico diário. Monitoro função renal e ajusto doses conforme necessário. | AB2: =IFERROR(INDEX(Intervenções!$K$2:$K$300,AGGREGATE(15,6,(ROW(Intervenções!$K$2:$K$300)-ROW(Intervenções!$K$2)+1)/((Intervenções!$B$2:$B$300=A2)*(Intervenções!$A$2:$A$300=F2)*(Intervenções!$K$2:$K$300<>"")),1)),"") | AC2: =IFERROR(INDEX(Intervenções!$K$2:$K$300,AGGREGATE(15,6,(ROW(Intervenções!$K$2:$K$300)-ROW(Intervenções!$K$2)+1)/((Intervenções!$B$2:$B$300=A2)*(Intervenções!$A$2:$A$300=F2)*(Intervenções!$K$2:$K$300<>"")),2)),"") | AD2: =IFERROR(INDEX(Intervenções!$K$2:$K$300,AGGREGATE(15,6,(ROW(Intervenções!$K$2:$K$300)-ROW(Intervenções!$K$2)+1)/((Intervenções!$B$2:$B$300=A2)*(Intervenções!$A$2:$A$300=F2)*(Intervenções!$K$2:$K$300<>"")),3)),"") | AE2: ="RECONCILIAÇÃO MEDICAMENTOSA"&CHAR(10)&IF(G2<>"","Medicamentos de uso prévio: "&G2&".","Sem medicamentos de uso prévio relatados.")&CHAR(10)&IF(H2<>"","Histórico de alergia/RAM: "&H2&".","Nega alergias/RAM conhecidas.") | AF2: =AE2&CHAR(10)&CHAR(10)&"1. Evolução Clínica"&CHAR(10)&TEXTJOIN(" ",TRUE,"Paciente "&I2&", "&IF(J2="","sem DVA","em uso de "&J2)&".",IF(K2<>"","Em "&K2&IF(L2<>""," ("&L2&")","")&IF(M2<>"", ", "&M2,"")&IF(N2<>"", ", sob analgosedação com "&N2,"")&".",""),IF(O2<>"",O2&IF(P2<>"", ", com "&LOWER(P2),"")&IF(Q2<>"", " — "&Q2,"")&".",""),IF(R2="Febre","Apresentou episódio febril nas últimas 24h"&IF(S2<>""," ("&S2&")","")&".",IF(R2="Afebril","Encontra-se afebril.","")),IF(T2<>"",IF(U2="Sim","Apresenta disfunção renal aguda ","Função renal preservada ")&"("&T2&").",""),IF(V2<>"","Em uso do esquema antimicrobiano com "&V2&".",""),IF(TEXTJOIN(", ",TRUE,IF(W2<>"","TEV ("&W2&")",""),IF(X2<>"","LAMG ("&X2&")",""),IF(Y2<>"","úlcera de córnea com "&Y2,""))<>"","Em uso de profilaxia: "&TEXTJOIN(", ",TRUE,IF(W2<>"","TEV ("&W2&")",""),IF(X2<>"","LAMG ("&X2&")",""),IF(Y2<>"","úlcera de córnea com "&Y2,""))&".",""))&CHAR(10)&CHAR(10)&"2. Farmacoterapia"&CHAR(10)&IF(Z2<>"","Corticoide/DART: "&Z2,"Sem corticoide/DART registrado.")&CHAR(10)&CHAR(10)&"3. Conduta Farmacêutica"&CHAR(10)&IF(TEXTJOIN(CHAR(10),TRUE,AB2,AC2,AD2)="","Nenhuma intervenção registrada hoje.",TEXTJOIN(CHAR(10),TRUE,AB2,AC2,AD2))&CHAR(10)&CHAR(10)&"4. Plano Terapêutico"&CHAR(10)&IF(AA2<>"",AA2,"Não definido.")
B3: =IFERROR(INDEX(Pacientes!$A:$A,MATCH($A3,Pacientes!$B:$B,0)),"") | C3: =IFERROR(INDEX(Pacientes!$C:$C,MATCH($A3,Pacientes!$B:$B,0)),"") | D3: =IFERROR(INDEX(Pacientes!$D:$D,MATCH($A3,Pacientes!$B:$B,0)),"") | E3: =IFERROR(INDEX(Pacientes!$E:$E,MATCH($A3,Pacientes!$B:$B,0)),"") | AB3: =IFERROR(INDEX(Intervenções!$K$2:$K$300,AGGREGATE(15,6,(ROW(Intervenções!$K$2:$K$300)-ROW(Intervenções!$K$2)+1)/((Intervenções!$B$2:$B$300=A3)*(Intervenções!$A$2:$A$300=F3)*(Intervenções!$K$2:$K$300<>"")),1)),"") | AC3: =IFERROR(INDEX(Intervenções!$K$2:$K$300,AGGREGATE(15,6,(ROW(Intervenções!$K$2:$K$300)-ROW(Intervenções!$K$2)+1)/((Intervenções!$B$2:$B$300=A3)*(Intervenções!$A$2:$A$300=F3)*(Intervenções!$K$2:$K$300<>"")),2)),"") | AD3: =IFERROR(INDEX(Intervenções!$K$2:$K$300,AGGREGATE(15,6,(ROW(Intervenções!$K$2:$K$300)-ROW(Intervenções!$K$2)+1)/((Intervenções!$B$2:$B$300=A3)*(Intervenções!$A$2:$A$300=F3)*(Intervenções!$K$2:$K$300<>"")),3)),"") | AE3: ="RECONCILIAÇÃO MEDICAMENTOSA"&CHAR(10)&IF(G3<>"","Medicamentos de uso prévio: "&G3&".","Sem medicamentos de uso prévio relatados.")&CHAR(10)&IF(H3<>"","Histórico de alergia/RAM: "&H3&".","Nega alergias/RAM conhecidas.") | AF3: =AE3&CHAR(10)&CHAR(10)&"1. Evolução Clínica"&CHAR(10)&TEXTJOIN(" ",TRUE,"Paciente "&I3&", "&IF(J3="","sem DVA","em uso de "&J3)&".",IF(K3<>"","Em "&K3&IF(L3<>""," ("&L3&")","")&IF(M3<>"", ", "&M3,"")&IF(N3<>"", ", sob analgosedação com "&N3,"")&".",""),IF(O3<>"",O3&IF(P3<>"", ", com "&LOWER(P3),"")&IF(Q3<>"", " — "&Q3,"")&".",""),IF(R3="Febre","Apresentou episódio febril nas últimas 24h"&IF(S3<>""," ("&S3&")","")&".",IF(R3="Afebril","Encontra-se afebril.","")),IF(T3<>"",IF(U3="Sim","Apresenta disfunção renal aguda ","Função renal preservada ")&"("&T3&").",""),IF(V3<>"","Em uso do esquema antimicrobiano com "&V3&".",""),IF(TEXTJOIN(", ",TRUE,IF(W3<>"","TEV ("&W3&")",""),IF(X3<>"","LAMG ("&X3&")",""),IF(Y3<>"","úlcera de córnea com "&Y3,""))<>"","Em uso de profilaxia: "&TEXTJOIN(", ",TRUE,IF(W3<>"","TEV ("&W3&")",""),IF(X3<>"","LAMG ("&X3&")",""),IF(Y3<>"","úlcera de córnea com "&Y3,""))&".",""))&CHAR(10)&CHAR(10)&"2. Farmacoterapia"&CHAR(10)&IF(Z3<>"","Corticoide/DART: "&Z3,"Sem corticoide/DART registrado.")&CHAR(10)&CHAR(10)&"3. Conduta Farmacêutica"&CHAR(10)&IF(TEXTJOIN(CHAR(10),TRUE,AB3,AC3,AD3)="","Nenhuma intervenção registrada hoje.",TEXTJOIN(CHAR(10),TRUE,AB3,AC3,AD3))&CHAR(10)&CHAR(10)&"4. Plano Terapêutico"&CHAR(10)&IF(AA3<>"",AA3,"Não definido.")
B4: =IFERROR(INDEX(Pacientes!$A:$A,MATCH($A4,Pacientes!$B:$B,0)),"") | C4: =IFERROR(INDEX(Pacientes!$C:$C,MATCH($A4,Pacientes!$B:$B,0)),"") | D4: =IFERROR(INDEX(Pacientes!$D:$D,MATCH($A4,Pacientes!$B:$B,0)),"") | E4: =IFERROR(INDEX(Pacientes!$E:$E,MATCH($A4,Pacientes!$B:$B,0)),"") | AB4: =IFERROR(INDEX(Intervenções!$K$2:$K$300,AGGREGATE(15,6,(ROW(Intervenções!$K$2:$K$300)-ROW(Intervenções!$K$2)+1)/((Intervenções!$B$2:$B$300=A4)*(Intervenções!$A$2:$A$300=F4)*(Intervenções!$K$2:$K$300<>"")),1)),"") | AC4: =IFERROR(INDEX(Intervenções!$K$2:$K$300,AGGREGATE(15,6,(ROW(Intervenções!$K$2:$K$300)-ROW(Intervenções!$K$2)+1)/((Intervenções!$B$2:$B$300=A4)*(Intervenções!$A$2:$A$300=F4)*(Intervenções!$K$2:$K$300<>"")),2)),"") | AD4: =IFERROR(INDEX(Intervenções!$K$2:$K$300,AGGREGATE(15,6,(ROW(Intervenções!$K$2:$K$300)-ROW(Intervenções!$K$2)+1)/((Intervenções!$B$2:$B$300=A4)*(Intervenções!$A$2:$A$300=F4)*(Intervenções!$K$2:$K$300<>"")),3)),"") | AE4: ="RECONCILIAÇÃO MEDICAMENTOSA"&CHAR(10)&IF(G4<>"","Medicamentos de uso prévio: "&G4&".","Sem medicamentos de uso prévio relatados.")&CHAR(10)&IF(H4<>"","Histórico de alergia/RAM: "&H4&".","Nega alergias/RAM conhecidas.") | AF4: =AE4&CHAR(10)&CHAR(10)&"1. Evolução Clínica"&CHAR(10)&TEXTJOIN(" ",TRUE,"Paciente "&I4&", "&IF(J4="","sem DVA","em uso de "&J4)&".",IF(K4<>"","Em "&K4&IF(L4<>""," ("&L4&")","")&IF(M4<>"", ", "&M4,"")&IF(N4<>"", ", sob analgosedação com "&N4,"")&".",""),IF(O4<>"",O4&IF(P4<>"", ", com "&LOWER(P4),"")&IF(Q4<>"", " — "&Q4,"")&".",""),IF(R4="Febre","Apresentou episódio febril nas últimas 24h"&IF(S4<>""," ("&S4&")","")&".",IF(R4="Afebril","Encontra-se afebril.","")),IF(T4<>"",IF(U4="Sim","Apresenta disfunção renal aguda ","Função renal preservada ")&"("&T4&").",""),IF(V4<>"","Em uso do esquema antimicrobiano com "&V4&".",""),IF(TEXTJOIN(", ",TRUE,IF(W4<>"","TEV ("&W4&")",""),IF(X4<>"","LAMG ("&X4&")",""),IF(Y4<>"","úlcera de córnea com "&Y4,""))<>"","Em uso de profilaxia: "&TEXTJOIN(", ",TRUE,IF(W4<>"","TEV ("&W4&")",""),IF(X4<>"","LAMG ("&X4&")",""),IF(Y4<>"","úlcera de córnea com "&Y4,""))&".",""))&CHAR(10)&CHAR(10)&"2. Farmacoterapia"&CHAR(10)&IF(Z4<>"","Corticoide/DART: "&Z4,"Sem corticoide/DART registrado.")&CHAR(10)&CHAR(10)&"3. Conduta Farmacêutica"&CHAR(10)&IF(TEXTJOIN(CHAR(10),TRUE,AB4,AC4,AD4)="","Nenhuma intervenção registrada hoje.",TEXTJOIN(CHAR(10),TRUE,AB4,AC4,AD4))&CHAR(10)&CHAR(10)&"4. Plano Terapêutico"&CHAR(10)&IF(AA4<>"",AA4,"Não definido.")
B5: =IFERROR(INDEX(Pacientes!$A:$A,MATCH($A5,Pacientes!$B:$B,0)),"") | C5: =IFERROR(INDEX(Pacientes!$C:$C,MATCH($A5,Pacientes!$B:$B,0)),"") | D5: =IFERROR(INDEX(Pacientes!$D:$D,MATCH($A5,Pacientes!$B:$B,0)),"") | E5: =IFERROR(INDEX(Pacientes!$E:$E,MATCH($A5,Pacientes!$B:$B,0)),"") | AB5: =IFERROR(INDEX(Intervenções!$K$2:$K$300,AGGREGATE(15,6,(ROW(Intervenções!$K$2:$K$300)-ROW(Intervenções!$K$2)+1)/((Intervenções!$B$2:$B$300=A5)*(Intervenções!$A$2:$A$300=F5)*(Intervenções!$K$2:$K$300<>"")),1)),"") | AC5: =IFERROR(INDEX(Intervenções!$K$2:$K$300,AGGREGATE(15,6,(ROW(Intervenções!$K$2:$K$300)-ROW(Intervenções!$K$2)+1)/((Intervenções!$B$2:$B$300=A5)*(Intervenções!$A$2:$A$300=F5)*(Intervenções!$K$2:$K$300<>"")),2)),"") | AD5: =IFERROR(INDEX(Intervenções!$K$2:$K$300,AGGREGATE(15,6,(ROW(Intervenções!$K$2:$K$300)-ROW(Intervenções!$K$2)+1)/((Intervenções!$B$2:$B$300=A5)*(Intervenções!$A$2:$A$300=F5)*(Intervenções!$K$2:$K$300<>"")),3)),"") | AE5: ="RECONCILIAÇÃO MEDICAMENTOSA"&CHAR(10)&IF(G5<>"","Medicamentos de uso prévio: "&G5&".","Sem medicamentos de uso prévio relatados.")&CHAR(10)&IF(H5<>"","Histórico de alergia/RAM: "&H5&".","Nega alergias/RAM conhecidas.") | AF5: =AE5&CHAR(10)&CHAR(10)&"1. Evolução Clínica"&CHAR(10)&TEXTJOIN(" ",TRUE,"Paciente "&I5&", "&IF(J5="","sem DVA","em uso de "&J5)&".",IF(K5<>"","Em "&K5&IF(L5<>""," ("&L5&")","")&IF(M5<>"", ", "&M5,"")&IF(N5<>"", ", sob analgosedação com "&N5,"")&".",""),IF(O5<>"",O5&IF(P5<>"", ", com "&LOWER(P5),"")&IF(Q5<>"", " — "&Q5,"")&".",""),IF(R5="Febre","Apresentou episódio febril nas últimas 24h"&IF(S5<>""," ("&S5&")","")&".",IF(R5="Afebril","Encontra-se afebril.","")),IF(T5<>"",IF(U5="Sim","Apresenta disfunção renal aguda ","Função renal preservada ")&"("&T5&").",""),IF(V5<>"","Em uso do esquema antimicrobiano com "&V5&".",""),IF(TEXTJOIN(", ",TRUE,IF(W5<>"","TEV ("&W5&")",""),IF(X5<>"","LAMG ("&X5&")",""),IF(Y5<>"","úlcera de córnea com "&Y5,""))<>"","Em uso de profilaxia: "&TEXTJOIN(", ",TRUE,IF(W5<>"","TEV ("&W5&")",""),IF(X5<>"","LAMG ("&X5&")",""),IF(Y5<>"","úlcera de córnea com "&Y5,""))&".",""))&CHAR(10)&CHAR(10)&"2. Farmacoterapia"&CHAR(10)&IF(Z5<>"","Corticoide/DART: "&Z5,"Sem corticoide/DART registrado.")&CHAR(10)&CHAR(10)&"3. Conduta Farmacêutica"&CHAR(10)&IF(TEXTJOIN(CHAR(10),TRUE,AB5,AC5,AD5)="","Nenhuma intervenção registrada hoje.",TEXTJOIN(CHAR(10),TRUE,AB5,AC5,AD5))&CHAR(10)&CHAR(10)&"4. Plano Terapêutico"&CHAR(10)&IF(AA5<>"",AA5,"Não definido.")
B6: =IFERROR(INDEX(Pacientes!$A:$A,MATCH($A6,Pacientes!$B:$B,0)),"") | C6: =IFERROR(INDEX(Pacientes!$C:$C,MATCH($A6,Pacientes!$B:$B,0)),"") | D6: =IFERROR(INDEX(Pacientes!$D:$D,MATCH($A6,Pacientes!$B:$B,0)),"") | E6: =IFERROR(INDEX(Pacientes!$E:$E,MATCH($A6,Pacientes!$B:$B,0)),"") | AB6: =IFERROR(INDEX(Intervenções!$K$2:$K$300,AGGREGATE(15,6,(ROW(Intervenções!$K$2:$K$300)-ROW(Intervenções!$K$2)+1)/((Intervenções!$B$2:$B$300=A6)*(Intervenções!$A$2:$A$300=F6)*(Intervenções!$K$2:$K$300<>"")),1)),"") | AC6: =IFERROR(INDEX(Intervenções!$K$2:$K$300,AGGREGATE(15,6,(ROW(Intervenções!$K$2:$K$300)-ROW(Intervenções!$K$2)+1)/((Intervenções!$B$2:$B$300=A6)*(Intervenções!$A$2:$A$300=F6)*(Intervenções!$K$2:$K$300<>"")),2)),"") | AD6: =IFERROR(INDEX(Intervenções!$K$2:$K$300,AGGREGATE(15,6,(ROW(Intervenções!$K$2:$K$300)-ROW(Intervenções!$K$2)+1)/((Intervenções!$B$2:$B$300=A6)*(Intervenções!$A$2:$A$300=F6)*(Intervenções!$K$2:$K$300<>"")),3)),"") | AE6: ="RECONCILIAÇÃO MEDICAMENTOSA"&CHAR(10)&IF(G6<>"","Medicamentos de uso prévio: "&G6&".","Sem medicamentos de uso prévio relatados.")&CHAR(10)&IF(H6<>"","Histórico de alergia/RAM: "&H6&".","Nega alergias/RAM conhecidas.") | AF6: =AE6&CHAR(10)&CHAR(10)&"1. Evolução Clínica"&CHAR(10)&TEXTJOIN(" ",TRUE,"Paciente "&I6&", "&IF(J6="","sem DVA","em uso de "&J6)&".",IF(K6<>"","Em "&K6&IF(L6<>""," ("&L6&")","")&IF(M6<>"", ", "&M6,"")&IF(N6<>"", ", sob analgosedação com "&N6,"")&".",""),IF(O6<>"",O6&IF(P6<>"", ", com "&LOWER(P6),"")&IF(Q6<>"", " — "&Q6,"")&".",""),IF(R6="Febre","Apresentou episódio febril nas últimas 24h"&IF(S6<>""," ("&S6&")","")&".",IF(R6="Afebril","Encontra-se afebril.","")),IF(T6<>"",IF(U6="Sim","Apresenta disfunção renal aguda ","Função renal preservada ")&"("&T6&").",""),IF(V6<>"","Em uso do esquema antimicrobiano com "&V6&".",""),IF(TEXTJOIN(", ",TRUE,IF(W6<>"","TEV ("&W6&")",""),IF(X6<>"","LAMG ("&X6&")",""),IF(Y6<>"","úlcera de córnea com "&Y6,""))<>"","Em uso de profilaxia: "&TEXTJOIN(", ",TRUE,IF(W6<>"","TEV ("&W6&")",""),IF(X6<>"","LAMG ("&X6&")",""),IF(Y6<>"","úlcera de córnea com "&Y6,""))&".",""))&CHAR(10)&CHAR(10)&"2. Farmacoterapia"&CHAR(10)&IF(Z6<>"","Corticoide/DART: "&Z6,"Sem corticoide/DART registrado.")&CHAR(10)&CHAR(10)&"3. Conduta Farmacêutica"&CHAR(10)&IF(TEXTJOIN(CHAR(10),TRUE,AB6,AC6,AD6)="","Nenhuma intervenção registrada hoje.",TEXTJOIN(CHAR(10),TRUE,AB6,AC6,AD6))&CHAR(10)&CHAR(10)&"4. Plano Terapêutico"&CHAR(10)&IF(AA6<>"",AA6,"Não definido.")
B7: =IFERROR(INDEX(Pacientes!$A:$A,MATCH($A7,Pacientes!$B:$B,0)),"") | C7: =IFERROR(INDEX(Pacientes!$C:$C,MATCH($A7,Pacientes!$B:$B,0)),"") | D7: =IFERROR(INDEX(Pacientes!$D:$D,MATCH($A7,Pacientes!$B:$B,0)),"") | E7: =IFERROR(INDEX(Pacientes!$E:$E,MATCH($A7,Pacientes!$B:$B,0)),"") | AB7: =IFERROR(INDEX(Intervenções!$K$2:$K$300,AGGREGATE(15,6,(ROW(Intervenções!$K$2:$K$300)-ROW(Intervenções!$K$2)+1)/((Intervenções!$B$2:$B$300=A7)*(Intervenções!$A$2:$A$300=F7)*(Intervenções!$K$2:$K$300<>"")),1)),"") | AC7: =IFERROR(INDEX(Intervenções!$K$2:$K$300,AGGREGATE(15,6,(ROW(Intervenções!$K$2:$K$300)-ROW(Intervenções!$K$2)+1)/((Intervenções!$B$2:$B$300=A7)*(Intervenções!$A$2:$A$300=F7)*(Intervenções!$K$2:$K$300<>"")),2)),"") | AD7: =IFERROR(INDEX(Intervenções!$K$2:$K$300,AGGREGATE(15,6,(ROW(Intervenções!$K$2:$K$300)-ROW(Intervenções!$K$2)+1)/((Intervenções!$B$2:$B$300=A7)*(Intervenções!$A$2:$A$300=F7)*(Intervenções!$K$2:$K$300<>"")),3)),"") | AE7: ="RECONCILIAÇÃO MEDICAMENTOSA"&CHAR(10)&IF(G7<>"","Medicamentos de uso prévio: "&G7&".","Sem medicamentos de uso prévio relatados.")&CHAR(10)&IF(H7<>"","Histórico de alergia/RAM: "&H7&".","Nega alergias/RAM conhecidas.") | AF7: =AE7&CHAR(10)&CHAR(10)&"1. Evolução Clínica"&CHAR(10)&TEXTJOIN(" ",TRUE,"Paciente "&I7&", "&IF(J7="","sem DVA","em uso de "&J7)&".",IF(K7<>"","Em "&K7&IF(L7<>""," ("&L7&")","")&IF(M7<>"", ", "&M7,"")&IF(N7<>"", ", sob analgosedação com "&N7,"")&".",""),IF(O7<>"",O7&IF(P7<>"", ", com "&LOWER(P7),"")&IF(Q7<>"", " — "&Q7,"")&".",""),IF(R7="Febre","Apresentou episódio febril nas últimas 24h"&IF(S7<>""," ("&S7&")","")&".",IF(R7="Afebril","Encontra-se afebril.","")),IF(T7<>"",IF(U7="Sim","Apresenta disfunção renal aguda ","Função renal preservada ")&"("&T7&").",""),IF(V7<>"","Em uso do esquema antimicrobiano com "&V7&".",""),IF(TEXTJOIN(", ",TRUE,IF(W7<>"","TEV ("&W7&")",""),IF(X7<>"","LAMG ("&X7&")",""),IF(Y7<>"","úlcera de córnea com "&Y7,""))<>"","Em uso de profilaxia: "&TEXTJOIN(", ",TRUE,IF(W7<>"","TEV ("&W7&")",""),IF(X7<>"","LAMG ("&X7&")",""),IF(Y7<>"","úlcera de córnea com "&Y7,""))&".",""))&CHAR(10)&CHAR(10)&"2. Farmacoterapia"&CHAR(10)&IF(Z7<>"","Corticoide/DART: "&Z7,"Sem corticoide/DART registrado.")&CHAR(10)&CHAR(10)&"3. Conduta Farmacêutica"&CHAR(10)&IF(TEXTJOIN(CHAR(10),TRUE,AB7,AC7,AD7)="","Nenhuma intervenção registrada hoje.",TEXTJOIN(CHAR(10),TRUE,AB7,AC7,AD7))&CHAR(10)&CHAR(10)&"4. Plano Terapêutico"&CHAR(10)&IF(AA7<>"",AA7,"Não definido.")
B8: =IFERROR(INDEX(Pacientes!$A:$A,MATCH($A8,Pacientes!$B:$B,0)),"") | C8: =IFERROR(INDEX(Pacientes!$C:$C,MATCH($A8,Pacientes!$B:$B,0)),"") | D8: =IFERROR(INDEX(Pacientes!$D:$D,MATCH($A8,Pacientes!$B:$B,0)),"") | E8: =IFERROR(INDEX(Pacientes!$E:$E,MATCH($A8,Pacientes!$B:$B,0)),"") | AB8: =IFERROR(INDEX(Intervenções!$K$2:$K$300,AGGREGATE(15,6,(ROW(Intervenções!$K$2:$K$300)-ROW(Intervenções!$K$2)+1)/((Intervenções!$B$2:$B$300=A8)*(Intervenções!$A$2:$A$300=F8)*(Intervenções!$K$2:$K$300<>"")),1)),"") | AC8: =IFERROR(INDEX(Intervenções!$K$2:$K$300,AGGREGATE(15,6,(ROW(Intervenções!$K$2:$K$300)-ROW(Intervenções!$K$2)+1)/((Intervenções!$B$2:$B$300=A8)*(Intervenções!$A$2:$A$300=F8)*(Intervenções!$K$2:$K$300<>"")),2)),"") | AD8: =IFERROR(INDEX(Intervenções!$K$2:$K$300,AGGREGATE(15,6,(ROW(Intervenções!$K$2:$K$300)-ROW(Intervenções!$K$2)+1)/((Intervenções!$B$2:$B$300=A8)*(Intervenções!$A$2:$A$300=F8)*(Intervenções!$K$2:$K$300<>"")),3)),"") | AE8: ="RECONCILIAÇÃO MEDICAMENTOSA"&CHAR(10)&IF(G8<>"","Medicamentos de uso prévio: "&G8&".","Sem medicamentos de uso prévio relatados.")&CHAR(10)&IF(H8<>"","Histórico de alergia/RAM: "&H8&".","Nega alergias/RAM conhecidas.") | AF8: =AE8&CHAR(10)&CHAR(10)&"1. Evolução Clínica"&CHAR(10)&TEXTJOIN(" ",TRUE,"Paciente "&I8&", "&IF(J8="","sem DVA","em uso de "&J8)&".",IF(K8<>"","Em "&K8&IF(L8<>""," ("&L8&")","")&IF(M8<>"", ", "&M8,"")&IF(N8<>"", ", sob analgosedação com "&N8,"")&".",""),IF(O8<>"",O8&IF(P8<>"", ", com "&LOWER(P8),"")&IF(Q8<>"", " — "&Q8,"")&".",""),IF(R8="Febre","Apresentou episódio febril nas últimas 24h"&IF(S8<>""," ("&S8&")","")&".",IF(R8="Afebril","Encontra-se afebril.","")),IF(T8<>"",IF(U8="Sim","Apresenta disfunção renal aguda ","Função renal preservada ")&"("&T8&").",""),IF(V8<>"","Em uso do esquema antimicrobiano com "&V8&".",""),IF(TEXTJOIN(", ",TRUE,IF(W8<>"","TEV ("&W8&")",""),IF(X8<>"","LAMG ("&X8&")",""),IF(Y8<>"","úlcera de córnea com "&Y8,""))<>"","Em uso de profilaxia: "&TEXTJOIN(", ",TRUE,IF(W8<>"","TEV ("&W8&")",""),IF(X8<>"","LAMG ("&X8&")",""),IF(Y8<>"","úlcera de córnea com "&Y8,""))&".",""))&CHAR(10)&CHAR(10)&"2. Farmacoterapia"&CHAR(10)&IF(Z8<>"","Corticoide/DART: "&Z8,"Sem corticoide/DART registrado.")&CHAR(10)&CHAR(10)&"3. Conduta Farmacêutica"&CHAR(10)&IF(TEXTJOIN(CHAR(10),TRUE,AB8,AC8,AD8)="","Nenhuma intervenção registrada hoje.",TEXTJOIN(CHAR(10),TRUE,AB8,AC8,AD8))&CHAR(10)&CHAR(10)&"4. Plano Terapêutico"&CHAR(10)&IF(AA8<>"",AA8,"Não definido.")
B9: =IFERROR(INDEX(Pacientes!$A:$A,MATCH($A9,Pacientes!$B:$B,0)),"") | C9: =IFERROR(INDEX(Pacientes!$C:$C,MATCH($A9,Pacientes!$B:$B,0)),"") | D9: =IFERROR(INDEX(Pacientes!$D:$D,MATCH($A9,Pacientes!$B:$B,0)),"") | E9: =IFERROR(INDEX(Pacientes!$E:$E,MATCH($A9,Pacientes!$B:$B,0)),"") | AB9: =IFERROR(INDEX(Intervenções!$K$2:$K$300,AGGREGATE(15,6,(ROW(Intervenções!$K$2:$K$300)-ROW(Intervenções!$K$2)+1)/((Intervenções!$B$2:$B$300=A9)*(Intervenções!$A$2:$A$300=F9)*(Intervenções!$K$2:$K$300<>"")),1)),"") | AC9: =IFERROR(INDEX(Intervenções!$K$2:$K$300,AGGREGATE(15,6,(ROW(Intervenções!$K$2:$K$300)-ROW(Intervenções!$K$2)+1)/((Intervenções!$B$2:$B$300=A9)*(Intervenções!$A$2:$A$300=F9)*(Intervenções!$K$2:$K$300<>"")),2)),"") | AD9: =IFERROR(INDEX(Intervenções!$K$2:$K$300,AGGREGATE(15,6,(ROW(Intervenções!$K$2:$K$300)-ROW(Intervenções!$K$2)+1)/((Intervenções!$B$2:$B$300=A9)*(Intervenções!$A$2:$A$300=F9)*(Intervenções!$K$2:$K$300<>"")),3)),"") | AE9: ="RECONCILIAÇÃO MEDICAMENTOSA"&CHAR(10)&IF(G9<>"","Medicamentos de uso prévio: "&G9&".","Sem medicamentos de uso prévio relatados.")&CHAR(10)&IF(H9<>"","Histórico de alergia/RAM: "&H9&".","Nega alergias/RAM conhecidas.") | AF9: =AE9&CHAR(10)&CHAR(10)&"1. Evolução Clínica"&CHAR(10)&TEXTJOIN(" ",TRUE,"Paciente "&I9&", "&IF(J9="","sem DVA","em uso de "&J9)&".",IF(K9<>"","Em "&K9&IF(L9<>""," ("&L9&")","")&IF(M9<>"", ", "&M9,"")&IF(N9<>"", ", sob analgosedação com "&N9,"")&".",""),IF(O9<>"",O9&IF(P9<>"", ", com "&LOWER(P9),"")&IF(Q9<>"", " — "&Q9,"")&".",""),IF(R9="Febre","Apresentou episódio febril nas últimas 24h"&IF(S9<>""," ("&S9&")","")&".",IF(R9="Afebril","Encontra-se afebril.","")),IF(T9<>"",IF(U9="Sim","Apresenta disfunção renal aguda ","Função renal preservada ")&"("&T9&").",""),IF(V9<>"","Em uso do esquema antimicrobiano com "&V9&".",""),IF(TEXTJOIN(", ",TRUE,IF(W9<>"","TEV ("&W9&")",""),IF(X9<>"","LAMG ("&X9&")",""),IF(Y9<>"","úlcera de córnea com "&Y9,""))<>"","Em uso de profilaxia: "&TEXTJOIN(", ",TRUE,IF(W9<>"","TEV ("&W9&")",""),IF(X9<>"","LAMG ("&X9&")",""),IF(Y9<>"","úlcera de córnea com "&Y9,""))&".",""))&CHAR(10)&CHAR(10)&"2. Farmacoterapia"&CHAR(10)&IF(Z9<>"","Corticoide/DART: "&Z9,"Sem corticoide/DART registrado.")&CHAR(10)&CHAR(10)&"3. Conduta Farmacêutica"&CHAR(10)&IF(TEXTJOIN(CHAR(10),TRUE,AB9,AC9,AD9)="","Nenhuma intervenção registrada hoje.",TEXTJOIN(CHAR(10),TRUE,AB9,AC9,AD9))&CHAR(10)&CHAR(10)&"4. Plano Terapêutico"&CHAR(10)&IF(AA9<>"",AA9,"Não definido.")
B10: =IFERROR(INDEX(Pacientes!$A:$A,MATCH($A10,Pacientes!$B:$B,0)),"") | C10: =IFERROR(INDEX(Pacientes!$C:$C,MATCH($A10,Pacientes!$B:$B,0)),"") | D10: =IFERROR(INDEX(Pacientes!$D:$D,MATCH($A10,Pacientes!$B:$B,0)),"") | E10: =IFERROR(INDEX(Pacientes!$E:$E,MATCH($A10,Pacientes!$B:$B,0)),"") | AB10: =IFERROR(INDEX(Intervenções!$K$2:$K$300,AGGREGATE(15,6,(ROW(Intervenções!$K$2:$K$300)-ROW(Intervenções!$K$2)+1)/((Intervenções!$B$2:$B$300=A10)*(Intervenções!$A$2:$A$300=F10)*(Intervenções!$K$2:$K$300<>"")),1)),"") | AC10: =IFERROR(INDEX(Intervenções!$K$2:$K$300,AGGREGATE(15,6,(ROW(Intervenções!$K$2:$K$300)-ROW(Intervenções!$K$2)+1)/((Intervenções!$B$2:$B$300=A10)*(Intervenções!$A$2:$A$300=F10)*(Intervenções!$K$2:$K$300<>"")),2)),"") | AD10: =IFERROR(INDEX(Intervenções!$K$2:$K$300,AGGREGATE(15,6,(ROW(Intervenções!$K$2:$K$300)-ROW(Intervenções!$K$2)+1)/((Intervenções!$B$2:$B$300=A10)*(Intervenções!$A$2:$A$300=F10)*(Intervenções!$K$2:$K$300<>"")),3)),"") | AE10: ="RECONCILIAÇÃO MEDICAMENTOSA"&CHAR(10)&IF(G10<>"","Medicamentos de uso prévio: "&G10&".","Sem medicamentos de uso prévio relatados.")&CHAR(10)&IF(H10<>"","Histórico de alergia/RAM: "&H10&".","Nega alergias/RAM conhecidas.") | AF10: =AE10&CHAR(10)&CHAR(10)&"1. Evolução Clínica"&CHAR(10)&TEXTJOIN(" ",TRUE,"Paciente "&I10&", "&IF(J10="","sem DVA","em uso de "&J10)&".",IF(K10<>"","Em "&K10&IF(L10<>""," ("&L10&")","")&IF(M10<>"", ", "&M10,"")&IF(N10<>"", ", sob analgosedação com "&N10,"")&".",""),IF(O10<>"",O10&IF(P10<>"", ", com "&LOWER(P10),"")&IF(Q10<>"", " — "&Q10,"")&".",""),IF(R10="Febre","Apresentou episódio febril nas últimas 24h"&IF(S10<>""," ("&S10&")","")&".",IF(R10="Afebril","Encontra-se afebril.","")),IF(T10<>"",IF(U10="Sim","Apresenta disfunção renal aguda ","Função renal preservada ")&"("&T10&").",""),IF(V10<>"","Em uso do esquema antimicrobiano com "&V10&".",""),IF(TEXTJOIN(", ",TRUE,IF(W10<>"","TEV ("&W10&")",""),IF(X10<>"","LAMG ("&X10&")",""),IF(Y10<>"","úlcera de córnea com "&Y10,""))<>"","Em uso de profilaxia: "&TEXTJOIN(", ",TRUE,IF(W10<>"","TEV ("&W10&")",""),IF(X10<>"","LAMG ("&X10&")",""),IF(Y10<>"","úlcera de córnea com "&Y10,""))&".",""))&CHAR(10)&CHAR(10)&"2. Farmacoterapia"&CHAR(10)&IF(Z10<>"","Corticoide/DART: "&Z10,"Sem corticoide/DART registrado.")&CHAR(10)&CHAR(10)&"3. Conduta Farmacêutica"&CHAR(10)&IF(TEXTJOIN(CHAR(10),TRUE,AB10,AC10,AD10)="","Nenhuma intervenção registrada hoje.",TEXTJOIN(CHAR(10),TRUE,AB10,AC10,AD10))&CHAR(10)&CHAR(10)&"4. Plano Terapêutico"&CHAR(10)&IF(AA10<>"",AA10,"Não definido.")
B11: =IFERROR(INDEX(Pacientes!$A:$A,MATCH($A11,Pacientes!$B:$B,0)),"") | C11: =IFERROR(INDEX(Pacientes!$C:$C,MATCH($A11,Pacientes!$B:$B,0)),"") | D11: =IFERROR(INDEX(Pacientes!$D:$D,MATCH($A11,Pacientes!$B:$B,0)),"") | E11: =IFERROR(INDEX(Pacientes!$E:$E,MATCH($A11,Pacientes!$B:$B,0)),"") | AB11: =IFERROR(INDEX(Intervenções!$K$2:$K$300,AGGREGATE(15,6,(ROW(Intervenções!$K$2:$K$300)-ROW(Intervenções!$K$2)+1)/((Intervenções!$B$2:$B$300=A11)*(Intervenções!$A$2:$A$300=F11)*(Intervenções!$K$2:$K$300<>"")),1)),"") | AC11: =IFERROR(INDEX(Intervenções!$K$2:$K$300,AGGREGATE(15,6,(ROW(Intervenções!$K$2:$K$300)-ROW(Intervenções!$K$2)+1)/((Intervenções!$B$2:$B$300=A11)*(Intervenções!$A$2:$A$300=F11)*(Intervenções!$K$2:$K$300<>"")),2)),"") | AD11: =IFERROR(INDEX(Intervenções!$K$2:$K$300,AGGREGATE(15,6,(ROW(Intervenções!$K$2:$K$300)-ROW(Intervenções!$K$2)+1)/((Intervenções!$B$2:$B$300=A11)*(Intervenções!$A$2:$A$300=F11)*(Intervenções!$K$2:$K$300<>"")),3)),"") | AE11: ="RECONCILIAÇÃO MEDICAMENTOSA"&CHAR(10)&IF(G11<>"","Medicamentos de uso prévio: "&G11&".","Sem medicamentos de uso prévio relatados.")&CHAR(10)&IF(H11<>"","Histórico de alergia/RAM: "&H11&".","Nega alergias/RAM conhecidas.") | AF11: =AE11&CHAR(10)&CHAR(10)&"1. Evolução Clínica"&CHAR(10)&TEXTJOIN(" ",TRUE,"Paciente "&I11&", "&IF(J11="","sem DVA","em uso de "&J11)&".",IF(K11<>"","Em "&K11&IF(L11<>""," ("&L11&")","")&IF(M11<>"", ", "&M11,"")&IF(N11<>"", ", sob analgosedação com "&N11,"")&".",""),IF(O11<>"",O11&IF(P11<>"", ", com "&LOWER(P11),"")&IF(Q11<>"", " — "&Q11,"")&".",""),IF(R11="Febre","Apresentou episódio febril nas últimas 24h"&IF(S11<>""," ("&S11&")","")&".",IF(R11="Afebril","Encontra-se afebril.","")),IF(T11<>"",IF(U11="Sim","Apresenta disfunção renal aguda ","Função renal preservada ")&"("&T11&").",""),IF(V11<>"","Em uso do esquema antimicrobiano com "&V11&".",""),IF(TEXTJOIN(", ",TRUE,IF(W11<>"","TEV ("&W11&")",""),IF(X11<>"","LAMG ("&X11&")",""),IF(Y11<>"","úlcera de córnea com "&Y11,""))<>"","Em uso de profilaxia: "&TEXTJOIN(", ",TRUE,IF(W11<>"","TEV ("&W11&")",""),IF(X11<>"","LAMG ("&X11&")",""),IF(Y11<>"","úlcera de córnea com "&Y11,""))&".",""))&CHAR(10)&CHAR(10)&"2. Farmacoterapia"&CHAR(10)&IF(Z11<>"","Corticoide/DART: "&Z11,"Sem corticoide/DART registrado.")&CHAR(10)&CHAR(10)&"3. Conduta Farmacêutica"&CHAR(10)&IF(TEXTJOIN(CHAR(10),TRUE,AB11,AC11,AD11)="","Nenhuma intervenção registrada hoje.",TEXTJOIN(CHAR(10),TRUE,AB11,AC11,AD11))&CHAR(10)&CHAR(10)&"4. Plano Terapêutico"&CHAR(10)&IF(AA11<>"",AA11,"Não definido.")
B12: =IFERROR(INDEX(Pacientes!$A:$A,MATCH($A12,Pacientes!$B:$B,0)),"") | C12: =IFERROR(INDEX(Pacientes!$C:$C,MATCH($A12,Pacientes!$B:$B,0)),"") | D12: =IFERROR(INDEX(Pacientes!$D:$D,MATCH($A12,Pacientes!$B:$B,0)),"") | E12: =IFERROR(INDEX(Pacientes!$E:$E,MATCH($A12,Pacientes!$B:$B,0)),"") | AB12: =IFERROR(INDEX(Intervenções!$K$2:$K$300,AGGREGATE(15,6,(ROW(Intervenções!$K$2:$K$300)-ROW(Intervenções!$K$2)+1)/((Intervenções!$B$2:$B$300=A12)*(Intervenções!$A$2:$A$300=F12)*(Intervenções!$K$2:$K$300<>"")),1)),"") | AC12: =IFERROR(INDEX(Intervenções!$K$2:$K$300,AGGREGATE(15,6,(ROW(Intervenções!$K$2:$K$300)-ROW(Intervenções!$K$2)+1)/((Intervenções!$B$2:$B$300=A12)*(Intervenções!$A$2:$A$300=F12)*(Intervenções!$K$2:$K$300<>"")),2)),"") | AD12: =IFERROR(INDEX(Intervenções!$K$2:$K$300,AGGREGATE(15,6,(ROW(Intervenções!$K$2:$K$300)-ROW(Intervenções!$K$2)+1)/((Intervenções!$B$2:$B$300=A12)*(Intervenções!$A$2:$A$300=F12)*(Intervenções!$K$2:$K$300<>"")),3)),"") | AE12: ="RECONCILIAÇÃO MEDICAMENTOSA"&CHAR(10)&IF(G12<>"","Medicamentos de uso prévio: "&G12&".","Sem medicamentos de uso prévio relatados.")&CHAR(10)&IF(H12<>"","Histórico de alergia/RAM: "&H12&".","Nega alergias/RAM conhecidas.") | AF12: =AE12&CHAR(10)&CHAR(10)&"1. Evolução Clínica"&CHAR(10)&TEXTJOIN(" ",TRUE,"Paciente "&I12&", "&IF(J12="","sem DVA","em uso de "&J12)&".",IF(K12<>"","Em "&K12&IF(L12<>""," ("&L12&")","")&IF(M12<>"", ", "&M12,"")&IF(N12<>"", ", sob analgosedação com "&N12,"")&".",""),IF(O12<>"",O12&IF(P12<>"", ", com "&LOWER(P12),"")&IF(Q12<>"", " — "&Q12,"")&".",""),IF(R12="Febre","Apresentou episódio febril nas últimas 24h"&IF(S12<>""," ("&S12&")","")&".",IF(R12="Afebril","Encontra-se afebril.","")),IF(T12<>"",IF(U12="Sim","Apresenta disfunção renal aguda ","Função renal preservada ")&"("&T12&").",""),IF(V12<>"","Em uso do esquema antimicrobiano com "&V12&".",""),IF(TEXTJOIN(", ",TRUE,IF(W12<>"","TEV ("&W12&")",""),IF(X12<>"","LAMG ("&X12&")",""),IF(Y12<>"","úlcera de córnea com "&Y12,""))<>"","Em uso de profilaxia: "&TEXTJOIN(", ",TRUE,IF(W12<>"","TEV ("&W12&")",""),IF(X12<>"","LAMG ("&X12&")",""),IF(Y12<>"","úlcera de córnea com "&Y12,""))&".",""))&CHAR(10)&CHAR(10)&"2. Farmacoterapia"&CHAR(10)&IF(Z12<>"","Corticoide/DART: "&Z12,"Sem corticoide/DART registrado.")&CHAR(10)&CHAR(10)&"3. Conduta Farmacêutica"&CHAR(10)&IF(TEXTJOIN(CHAR(10),TRUE,AB12,AC12,AD12)="","Nenhuma intervenção registrada hoje.",TEXTJOIN(CHAR(10),TRUE,AB12,AC12,AD12))&CHAR(10)&CHAR(10)&"4. Plano Terapêutico"&CHAR(10)&IF(AA12<>"",AA12,"Não definido.")
B13: =IFERROR(INDEX(Pacientes!$A:$A,MATCH($A13,Pacientes!$B:$B,0)),"") | C13: =IFERROR(INDEX(Pacientes!$C:$C,MATCH($A13,Pacientes!$B:$B,0)),"") | D13: =IFERROR(INDEX(Pacientes!$D:$D,MATCH($A13,Pacientes!$B:$B,0)),"") | E13: =IFERROR(INDEX(Pacientes!$E:$E,MATCH($A13,Pacientes!$B:$B,0)),"") | AB13: =IFERROR(INDEX(Intervenções!$K$2:$K$300,AGGREGATE(15,6,(ROW(Intervenções!$K$2:$K$300)-ROW(Intervenções!$K$2)+1)/((Intervenções!$B$2:$B$300=A13)*(Intervenções!$A$2:$A$300=F13)*(Intervenções!$K$2:$K$300<>"")),1)),"") | AC13: =IFERROR(INDEX(Intervenções!$K$2:$K$300,AGGREGATE(15,6,(ROW(Intervenções!$K$2:$K$300)-ROW(Intervenções!$K$2)+1)/((Intervenções!$B$2:$B$300=A13)*(Intervenções!$A$2:$A$300=F13)*(Intervenções!$K$2:$K$300<>"")),2)),"") | AD13: =IFERROR(INDEX(Intervenções!$K$2:$K$300,AGGREGATE(15,6,(ROW(Intervenções!$K$2:$K$300)-ROW(Intervenções!$K$2)+1)/((Intervenções!$B$2:$B$300=A13)*(Intervenções!$A$2:$A$300=F13)*(Intervenções!$K$2:$K$300<>"")),3)),"") | AE13: ="RECONCILIAÇÃO MEDICAMENTOSA"&CHAR(10)&IF(G13<>"","Medicamentos de uso prévio: "&G13&".","Sem medicamentos de uso prévio relatados.")&CHAR(10)&IF(H13<>"","Histórico de alergia/RAM: "&H13&".","Nega alergias/RAM conhecidas.") | AF13: =AE13&CHAR(10)&CHAR(10)&"1. Evolução Clínica"&CHAR(10)&TEXTJOIN(" ",TRUE,"Paciente "&I13&", "&IF(J13="","sem DVA","em uso de "&J13)&".",IF(K13<>"","Em "&K13&IF(L13<>""," ("&L13&")","")&IF(M13<>"", ", "&M13,"")&IF(N13<>"", ", sob analgosedação com "&N13,"")&".",""),IF(O13<>"",O13&IF(P13<>"", ", com "&LOWER(P13),"")&IF(Q13<>"", " — "&Q13,"")&".",""),IF(R13="Febre","Apresentou episódio febril nas últimas 24h"&IF(S13<>""," ("&S13&")","")&".",IF(R13="Afebril","Encontra-se afebril.","")),IF(T13<>"",IF(U13="Sim","Apresenta disfunção renal aguda ","Função renal preservada ")&"("&T13&").",""),IF(V13<>"","Em uso do esquema antimicrobiano com "&V13&".",""),IF(TEXTJOIN(", ",TRUE,IF(W13<>"","TEV ("&W13&")",""),IF(X13<>"","LAMG ("&X13&")",""),IF(Y13<>"","úlcera de córnea com "&Y13,""))<>"","Em uso de profilaxia: "&TEXTJOIN(", ",TRUE,IF(W13<>"","TEV ("&W13&")",""),IF(X13<>"","LAMG ("&X13&")",""),IF(Y13<>"","úlcera de córnea com "&Y13,""))&".",""))&CHAR(10)&CHAR(10)&"2. Farmacoterapia"&CHAR(10)&IF(Z13<>"","Corticoide/DART: "&Z13,"Sem corticoide/DART registrado.")&CHAR(10)&CHAR(10)&"3. Conduta Farmacêutica"&CHAR(10)&IF(TEXTJOIN(CHAR(10),TRUE,AB13,AC13,AD13)="","Nenhuma intervenção registrada hoje.",TEXTJOIN(CHAR(10),TRUE,AB13,AC13,AD13))&CHAR(10)&CHAR(10)&"4. Plano Terapêutico"&CHAR(10)&IF(AA13<>"",AA13,"Não definido.")
B14: =IFERROR(INDEX(Pacientes!$A:$A,MATCH($A14,Pacientes!$B:$B,0)),"") | C14: =IFERROR(INDEX(Pacientes!$C:$C,MATCH($A14,Pacientes!$B:$B,0)),"") | D14: =IFERROR(INDEX(Pacientes!$D:$D,MATCH($A14,Pacientes!$B:$B,0)),"") | E14: =IFERROR(INDEX(Pacientes!$E:$E,MATCH($A14,Pacientes!$B:$B,0)),"") | AB14: =IFERROR(INDEX(Intervenções!$K$2:$K$300,AGGREGATE(15,6,(ROW(Intervenções!$K$2:$K$300)-ROW(Intervenções!$K$2)+1)/((Intervenções!$B$2:$B$300=A14)*(Intervenções!$A$2:$A$300=F14)*(Intervenções!$K$2:$K$300<>"")),1)),"") | AC14: =IFERROR(INDEX(Intervenções!$K$2:$K$300,AGGREGATE(15,6,(ROW(Intervenções!$K$2:$K$300)-ROW(Intervenções!$K$2)+1)/((Intervenções!$B$2:$B$300=A14)*(Intervenções!$A$2:$A$300=F14)*(Intervenções!$K$2:$K$300<>"")),2)),"") | AD14: =IFERROR(INDEX(Intervenções!$K$2:$K$300,AGGREGATE(15,6,(ROW(Intervenções!$K$2:$K$300)-ROW(Intervenções!$K$2)+1)/((Intervenções!$B$2:$B$300=A14)*(Intervenções!$A$2:$A$300=F14)*(Intervenções!$K$2:$K$300<>"")),3)),"") | AE14: ="RECONCILIAÇÃO MEDICAMENTOSA"&CHAR(10)&IF(G14<>"","Medicamentos de uso prévio: "&G14&".","Sem medicamentos de uso prévio relatados.")&CHAR(10)&IF(H14<>"","Histórico de alergia/RAM: "&H14&".","Nega alergias/RAM conhecidas.") | AF14: =AE14&CHAR(10)&CHAR(10)&"1. Evolução Clínica"&CHAR(10)&TEXTJOIN(" ",TRUE,"Paciente "&I14&", "&IF(J14="","sem DVA","em uso de "&J14)&".",IF(K14<>"","Em "&K14&IF(L14<>""," ("&L14&")","")&IF(M14<>"", ", "&M14,"")&IF(N14<>"", ", sob analgosedação com "&N14,"")&".",""),IF(O14<>"",O14&IF(P14<>"", ", com "&LOWER(P14),"")&IF(Q14<>"", " — "&Q14,"")&".",""),IF(R14="Febre","Apresentou episódio febril nas últimas 24h"&IF(S14<>""," ("&S14&")","")&".",IF(R14="Afebril","Encontra-se afebril.","")),IF(T14<>"",IF(U14="Sim","Apresenta disfunção renal aguda ","Função renal preservada ")&"("&T14&").",""),IF(V14<>"","Em uso do esquema antimicrobiano com "&V14&".",""),IF(TEXTJOIN(", ",TRUE,IF(W14<>"","TEV ("&W14&")",""),IF(X14<>"","LAMG ("&X14&")",""),IF(Y14<>"","úlcera de córnea com "&Y14,""))<>"","Em uso de profilaxia: "&TEXTJOIN(", ",TRUE,IF(W14<>"","TEV ("&W14&")",""),IF(X14<>"","LAMG ("&X14&")",""),IF(Y14<>"","úlcera de córnea com "&Y14,""))&".",""))&CHAR(10)&CHAR(10)&"2. Farmacoterapia"&CHAR(10)&IF(Z14<>"","Corticoide/DART: "&Z14,"Sem corticoide/DART registrado.")&CHAR(10)&CHAR(10)&"3. Conduta Farmacêutica"&CHAR(10)&IF(TEXTJOIN(CHAR(10),TRUE,AB14,AC14,AD14)="","Nenhuma intervenção registrada hoje.",TEXTJOIN(CHAR(10),TRUE,AB14,AC14,AD14))&CHAR(10)&CHAR(10)&"4. Plano Terapêutico"&CHAR(10)&IF(AA14<>"",AA14,"Não definido.")
... B300: =IFERROR(INDEX(Pacientes!$A:$A,MATCH($A300,Pacientes!$B:$B,0)),"") | C300: =IFERROR(INDEX(Pacientes!$C:$C,MATCH($A300,Pacientes!$B:$B,0)),"") | D300: =IFERROR(INDEX(Pacientes!$D:$D,MATCH($A300,Pacientes!$B:$B,0)),"") | E300: =IFERROR(INDEX(Pacientes!$E:$E,MATCH($A300,Pacientes!$B:$B,0)),"") | AB300: =IFERROR(INDEX(Intervenções!$K$2:$K$300,AGGREGATE(15,6,(ROW(Intervenções!$K$2:$K$300)-ROW(Intervenções!$K$2)+1)/((Intervenções!$B$2:$B$300=A300)*(Intervenções!$A$2:$A$300=F300)*(Intervenções!$K$2:$K$300<>"")),1)),"") | AC300: =IFERROR(INDEX(Intervenções!$K$2:$K$300,AGGREGATE(15,6,(ROW(Intervenções!$K$2:$K$300)-ROW(Intervenções!$K$2)+1)/((Intervenções!$B$2:$B$300=A300)*(Intervenções!$A$2:$A$300=F300)*(Intervenções!$K$2:$K$300<>"")),2)),"") | AD300: =IFERROR(INDEX(Intervenções!$K$2:$K$300,AGGREGATE(15,6,(ROW(Intervenções!$K$2:$K$300)-ROW(Intervenções!$K$2)+1)/((Intervenções!$B$2:$B$300=A300)*(Intervenções!$A$2:$A$300=F300)*(Intervenções!$K$2:$K$300<>"")),3)),"") | AE300: ="RECONCILIAÇÃO MEDICAMENTOSA"&CHAR(10)&IF(G300<>"","Medicamentos de uso prévio: "&G300&".","Sem medicamentos de uso prévio relatados.")&CHAR(10)&IF(H300<>"","Histórico de alergia/RAM: "&H300&".","Nega alergias/RAM conhecidas.") | AF300: =AE300&CHAR(10)&CHAR(10)&"1. Evolução Clínica"&CHAR(10)&TEXTJOIN(" ",TRUE,"Paciente "&I300&", "&IF(J300="","sem DVA","em uso de "&J300)&".",IF(K300<>"","Em "&K300&IF(L300<>""," ("&L300&")","")&IF(M300<>"", ", "&M300,"")&IF(N300<>"", ", sob analgosedação com "&N300,"")&".",""),IF(O300<>"",O300&IF(P300<>"", ", com "&LOWER(P300),"")&IF(Q300<>"", " — "&Q300,"")&".",""),IF(R300="Febre","Apresentou episódio febril nas últimas 24h"&IF(S300<>""," ("&S300&")","")&".",IF(R300="Afebril","Encontra-se afebril.","")),IF(T300<>"",IF(U300="Sim","Apresenta disfunção renal aguda ","Função renal preservada ")&"("&T300&").",""),IF(V300<>"","Em uso do esquema antimicrobiano com "&V300&".",""),IF(TEXTJOIN(", ",TRUE,IF(W300<>"","TEV ("&W300&")",""),IF(X300<>"","LAMG ("&X300&")",""),IF(Y300<>"","úlcera de córnea com "&Y300,""))<>"","Em uso de profilaxia: "&TEXTJOIN(", ",TRUE,IF(W300<>"","TEV ("&W300&")",""),IF(X300<>"","LAMG ("&X300&")",""),IF(Y300<>"","úlcera de córnea com "&Y300,""))&".",""))&CHAR(10)&CHAR(10)&"2. Farmacoterapia"&CHAR(10)&IF(Z300<>"","Corticoide/DART: "&Z300,"Sem corticoide/DART registrado.")&CHAR(10)&CHAR(10)&"3. Conduta Farmacêutica"&CHAR(10)&IF(TEXTJOIN(CHAR(10),TRUE,AB300,AC300,AD300)="","Nenhuma intervenção registrada hoje.",TEXTJOIN(CHAR(10),TRUE,AB300,AC300,AD300))&CHAR(10)&CHAR(10)&"4. Plano Terapêutico"&CHAR(10)&IF(AA300<>"",AA300,"Não definido.")

Sheet Indicadores
A1: Indicadores da Farmácia Clínica
A3: Mês | B3: 5 - Maio
A4: Ano | B4: 2026
A5: Setor | B5: Todos
A7: Mês (nº) [aux] | B7: =VALUE(LEFT(B3,FIND(" ",B3)-1))
A8: Data Início [aux] | B8: =DATE(B4,B7,1)
A9: Data Fim [aux] | B9: =EOMONTH(B8,0)
A12: Indicadores do Período (Intervenções) | D12: Intervenções por Categoria (período/setor filtrado)
A13: Total de Intervenções | B13: =SUMPRODUCT((Intervenções!$A$2:$A$300>=$B$8)*(Intervenções!$A$2:$A$300<=$B$9)*(($B$5="Todos")+(Intervenções!$D$2:$D$300=$B$5))*(Intervenções!$E$2:$E$300<>"")) | D13: Categoria | E13: Contagem
A14: Intervenções Aceitas | B14: =SUMPRODUCT((Intervenções!$A$2:$A$300>=$B$8)*(Intervenções!$A$2:$A$300<=$B$9)*(($B$5="Todos")+(Intervenções!$D$2:$D$300=$B$5))*ISNUMBER(SEARCH("Aceita",Intervenções!$I$2:$I$300))) | D14: Dose | E14: =SUMPRODUCT((Intervenções!$A$2:$A$300>=$B$8)*(Intervenções!$A$2:$A$300<=$B$9)*(($B$5="Todos")+(Intervenções!$D$2:$D$300=$B$5))*(Intervenções!$E$2:$E$300=D14))
A15: Taxa de Aceitação (%) | B15: =IF(B13=0,0,ROUND(B14/B13*100,1)) | D15: Dispensação | E15: =SUMPRODUCT((Intervenções!$A$2:$A$300>=$B$8)*(Intervenções!$A$2:$A$300<=$B$9)*(($B$5="Todos")+(Intervenções!$D$2:$D$300=$B$5))*(Intervenções!$E$2:$E$300=D15))
A16: Pacientes Ativos Cadastrados | B16: =COUNTIF(Pacientes!$E:$E,"Ativo") | D16: Frequência de Administração | E16: =SUMPRODUCT((Intervenções!$A$2:$A$300>=$B$8)*(Intervenções!$A$2:$A$300<=$B$9)*(($B$5="Todos")+(Intervenções!$D$2:$D$300=$B$5))*(Intervenções!$E$2:$E$300=D16))
A17: Pacientes com Alta | B17: =COUNTIF(Pacientes!$E:$E,"Alta") | D17: Via / Forma Farmacêutica | E17: =SUMPRODUCT((Intervenções!$A$2:$A$300>=$B$8)*(Intervenções!$A$2:$A$300<=$B$9)*(($B$5="Todos")+(Intervenções!$D$2:$D$300=$B$5))*(Intervenções!$E$2:$E$300=D17))
A18: Pacientes Reconciliados (total, sem filtro de data) | B18: =COUNTIF(Pacientes!$I:$I,"Sim") | D18: Administração por Sonda | E18: =SUMPRODUCT((Intervenções!$A$2:$A$300>=$B$8)*(Intervenções!$A$2:$A$300<=$B$9)*(($B$5="Todos")+(Intervenções!$D$2:$D$300=$B$5))*(Intervenções!$E$2:$E$300=D18))
D19: Tempo de Infusão & Diluição | E19: =SUMPRODUCT((Intervenções!$A$2:$A$300>=$B$8)*(Intervenções!$A$2:$A$300<=$B$9)*(($B$5="Todos")+(Intervenções!$D$2:$D$300=$B$5))*(Intervenções!$E$2:$E$300=D19))
D20: Indicação & Resposta Terapêutica | E20: =SUMPRODUCT((Intervenções!$A$2:$A$300>=$B$8)*(Intervenções!$A$2:$A$300<=$B$9)*(($B$5="Todos")+(Intervenções!$D$2:$D$300=$B$5))*(Intervenções!$E$2:$E$300=D20))
D21: Exames & Dispositivos | E21: =SUMPRODUCT((Intervenções!$A$2:$A$300>=$B$8)*(Intervenções!$A$2:$A$300<=$B$9)*(($B$5="Todos")+(Intervenções!$D$2:$D$300=$B$5))*(Intervenções!$E$2:$E$300=D21))
D22: Reação Adversa (RAM) | E22: =SUMPRODUCT((Intervenções!$A$2:$A$300>=$B$8)*(Intervenções!$A$2:$A$300<=$B$9)*(($B$5="Todos")+(Intervenções!$D$2:$D$300=$B$5))*(Intervenções!$E$2:$E$300=D22))
D23: Incompatibilidade & Interações | E23: =SUMPRODUCT((Intervenções!$A$2:$A$300>=$B$8)*(Intervenções!$A$2:$A$300<=$B$9)*(($B$5="Todos")+(Intervenções!$D$2:$D$300=$B$5))*(Intervenções!$E$2:$E$300=D23))
D24: Gerenciamento de Antimicrobianos (Stewardship) | E24: =SUMPRODUCT((Intervenções!$A$2:$A$300>=$B$8)*(Intervenções!$A$2:$A$300<=$B$9)*(($B$5="Todos")+(Intervenções!$D$2:$D$300=$B$5))*(Intervenções!$E$2:$E$300=D24))
D25: Analgesia Multimodal | E25: =SUMPRODUCT((Intervenções!$A$2:$A$300>=$B$8)*(Intervenções!$A$2:$A$300<=$B$9)*(($B$5="Todos")+(Intervenções!$D$2:$D$300=$B$5))*(Intervenções!$E$2:$E$300=D25))
A27: ⚠ Esta aba ainda vai ser reorganizada com base nos exemplos que você vai enviar.

Sheet Menu
B2: FARMÁCIA CLÍNICA — HMAF
B3: Clique em um botão para ir direto à aba
B5: =HYPERLINK("#'Pacientes'!A1","👤 PACIENTES")
B9: =HYPERLINK("#'Ficha Diária'!A1","📋 FICHA DIÁRIA")
B13: =HYPERLINK("#'Intervenções'!A1","💊 INTERVENÇÕES")
B17: =HYPERLINK("#'Indicadores'!A1","📊 INDICADORES")
B22: Fluxo sugerido: 1) Cadastre em Pacientes → 2) Preencha a Ficha Diária → 3) Registre em Intervenções → 4) Acompanhe em Indicadores.

Sheet Instruções
A1: COMO USAR — VERSÃO 5
A3: Novidades desta versão:
A4: • Aba "Menu": botões coloridos que levam direto pra cada aba.
A5: • Suporte Ventilatório já traz "VMI por TOT" e "VMI por TQT" prontos na lista.
A6: • Dieta agora é uma lista única já combinando tipo + via (ex: "Dieta Oral por Mamadeira").
A7: • Profilaxias voltaram a ser 3 colunas separadas: TEV, LAMG e Úlcera de Córnea.
A8: • Novos campos na Ficha Diária: Medicamentos de Uso Prévio e Histórico de Alergia/RAM — e uma coluna de RECONCILIAÇÃO MEDICAMENTOSA que já monta o texto sozinha a partir desses dois campos.
A9: • A aba "Intervenções" agora tem listas em cascata de verdade: escolha a Categoria, e as opções de Motivo e Recomendação mudam sozinhas para as da taxonomia daquela categoria (16 categorias, igual ao app).
A10: • A pergunta "Reconciliação Realizada?" saiu de Intervenções e foi para a aba Pacientes (é uma informação do paciente, não de cada intervenção).
A11: • CORRIGIDO: a coluna de Evolução Gerada não estava funcionando porque a fórmula anterior usava a função FILTER, que depende da versão do Excel/Sheets. Troquei por uma técnica com AGGREGATE, compatível com qualquer versão (Excel 2010 em diante e Google Sheets).
A13: Fluxo de uso:
A14: 1. Cadastre o paciente em "Pacientes" (inclua se já tem reconciliação feita).
... A21: Colunas com fundo lilás no cabeçalho = têm lista suspensa.
