Workbook

Sheet Instruções
A1: COMO USAR — VERSÃO 3 (planilha de apoio, caso não use o app)
A3: O que mudou em relação à primeira tentativa:
A4: • Medicamentos (DVA, sedação, antimicrobianos, profilaxias) agora são campos de texto livre — cole tudo numa célula só.
A5: • Aba "Pacientes": muda de cor sozinha (verde = Ativo, cinza = Alta) assim que você troca o status na coluna correspondente.
A6: • Aba "Indicadores": tem seletores de Mês/Ano e Setor no topo. Os números recalculam sozinhos ao trocar — não precisa de uma aba por mês.
A8: Fluxo de uso:
A9: 1. Cadastre o paciente na aba "Pacientes" (uma linha por paciente).
A10: 2. A cada dia de acompanhamento, adicione uma linha na aba "Ficha Diária" (pode repetir o mesmo paciente em dias diferentes).
A11: 3. A última coluna da Ficha Diária já monta o texto da evolução daquele dia.
A12: 4. Vá em "Indicadores", escolha o mês e o setor, e veja os números daquele recorte.
A14: Limitações honestas (o que ainda fica melhor no app):
A15: • Não existem campos que aparecem/somem sozinhos (tipo "só mostra Via TOT/TQT se marcar VMI") — aqui todos os campos ficam sempre visíveis.
... A18: • Sem geração de texto por IA — só o texto simples calculado por fórmula, igual ao motor do app, mas mais resumido.

Sheet Listas
A1: Setor | B1: StatusPaciente | C1: HemoStatus | D1: Ventilacao | E1: EstadoNeuro | F1: SimNao | G1: Dieta | H1: Aceitacao | I1: Febre | J1: Categoria | K1: StatusIntervencao | L1: Profissional | M1: Meses | N1: SetorFiltro
A2: UTI neo | B2: Ativo | C2: hemodinamicamente estável | D2: Ar Ambiente | E2: Confortável | F2: Sim | G2: Zero/Jejum | H2: Boa Aceitação | I2: Afebril | J2: Dose | K2: Sem intervenção hoje | L2: Médico | M2: 1 - Janeiro | N2: Todos
A3: UTI ped | B3: Alta | C3: hemodinamicamente instável | D3: VMI | E3: Agitado | F3: Não | G3: Oral | H3: Aceitação Parcial | I3: Febre | J3: Dispensação | K3: Aceita e implementada | L3: Residente | M3: 2 - Fevereiro | N3: UTI neo
A4: UCSIN | D4: Cateter Nasal | E4: Comatoso | G4: Enteral | H4: Intolerância à Dieta | J4: Frequência de Administração | K4: Aceita, porém não implementada | L4: Enfermeiro | M4: 3 - Março | N4: UTI ped
D5: Máscara de Venturi | E5: Arreativo | G5: NPT | J5: Via / Forma Farmacêutica | K5: Não aceita com justificativa clínica | L5: Técnico de Enfermagem | M5: 4 - Abril | N5: UCSIN
D6: VNI/CPAP | E6: Reativo | J6: Administração por Sonda | K6: Não aceita sem justificativa clínica | L6: Fisioterapeuta | M6: 5 - Maio
J7: Tempo de Infusão & Diluição | K7: Pendente de resposta | L7: Fonoaudiólogo | M7: 6 - Junho
J8: Indicação & Resposta Terapêutica | L8: Nutricionista | M8: 7 - Julho
J9: Exames & Dispositivos | L9: Outro | M9: 8 - Agosto
J10: Reação Adversa (RAM) | M10: 9 - Setembro
J11: Incompatibilidade & Interações | M11: 10 - Outubro
J12: Gerenciamento de Antimicrobianos (Stewardship) | M12: 11 - Novembro
J13: Analgesia Multimodal | M13: 12 - Dezembro

Sheet Pacientes
A1: Nome | B1: Prontuário | C1: Setor | D1: Leito | E1: Status | F1: Data Admissão | G1: Data Alta | H1: Diagnóstico
A2: M.L.C.A. | B2: PED-8942 | C2: UTI ped | D2: UTIP-04 | E2: Ativo | F2: 2026-05-10 | H2: Bronquiolite Viral Aguda Grave
A3: J.S.O. | B3: PED-7731 | C3: UTI neo | D3: UTIN-02 | E3: Alta | F3: 2026-04-02 | G3: 2026-04-20 | H3: Sepse neonatal precoce

Sheet Ficha Diária
A1: Nome | B1: Prontuário | C1: Setor | D1: Leito | E1: Data | F1: Status Hemodinâmico | G1: Drogas Vasoativas (texto livre) | H1: Suporte Ventilatório | I1: Via (TOT/TQT) | J1: Parâmetros Ventilatórios (FiO2/PEEP) | K1: Estado Neurológico | L1: Sedoanalgesia (texto livre) | M1: Dieta | N1: Aceitação | O1: Observação Dieta/Aceitação (resíduo, regurgitação etc.) | P1: Febre | Q1: Detalhe Febre (Tmax / episódios) | R1: Função Renal (Cr/Ur/Diurese - texto) | S1: Ajuste Renal? | T1: Antimicrobiano(s) (texto livre) | U1: Profilaxias (texto livre) | V1: Corticoide / DART (texto livre) | W1: Categoria da Intervenção | X1: Descrição da Conduta (hoje) | Y1: Status da Intervenção | Z1: Profissional Contatado | AA1: Reconciliação Realizada? | AB1: Plano Terapêutico | AC1: EVOLUÇÃO GERADA (fórmula automática)
A2: M.L.C.A. | B2: PED-8942 | C2: UTI ped | D2: UTIP-04 | E2: 2026-05-14 | F2: hemodinamicamente instável | G2: Noradrenalina 0.15 mcg/kg/min | H2: VMI | I2: TOT | J2: FiO2 40% | PEEP 7,0 | K2: Confortável | L2: Dexmedetomidina 0.4 mcg/kg/h | M2: Oral | N2: Boa Aceitação | P2: Febre | Q2: Tmax 38.4°C, 2 episódios | R2: Cr 1.8 mg/dL, Ur 82 mg/dL, Diurese 0.6 mL/kg/h | S2: Sim | T2: Piperacilina + Tazobactam 4.5g IV 6/6h (DTA 2) | U2: TEV: Enoxaparina 40mg SC; LAMG: Omeprazol 40mg IV; Córnea: Vidisic gel | W2: Gerenciamento de Antimicrobianos (Stewardship) | X2: Recomendado ajuste renal do antimicrobiano. | Y2: Aceita e implementada | Z2: Médico | AA2: Não | AB2: Mantenho acompanhamento farmacoterapêutico diário. Monitoro função renal e ajusto doses conforme necessário. | AC2: ="1. Evolução Clínica"&CHAR(10)&TEXTJOIN(" ",TRUE,"Paciente "&F2&", "&IF(G2="","sem DVA","em uso de "&G2)&".",IF(H2<>"","Em "&H2&IF(AND(H2="VMI",I2<>"")," por "&I2,"")&IF(J2<>""," ("&J2&")","")&IF(K2<>"", ", "&K2,"")&IF(L2<>"", ", sob analgosedação com "&L2,"")&".",""),IF(M2<>"","Dieta "&M2&IF(N2<>"", ", com "&LOWER(N2),"")&IF(O2<>"", " — "&O2,"")&".",""),IF(P2="Febre","Apresentou episódio febril nas últimas 24h"&IF(Q2<>""," ("&Q2&")","")&".",IF(P2="Afebril","Encontra-se afebril.","")),IF(R2<>"",IF(S2="Sim","Apresenta disfunção renal aguda ","Função renal preservada ")&"("&R2&").",""),IF(T2<>"","Em uso do esquema antimicrobiano com "&T2&".",""),IF(U2<>"","Em uso de profilaxia: "&U2&".",""))&CHAR(10)&CHAR(10)&"2. Farmacoterapia"&CHAR(10)&IF(V2<>"","Corticoide/DART: "&V2,"Sem corticoide/DART registrado.")&CHAR(10)&CHAR(10)&"3. Conduta Farmacêutica"&CHAR(10)&IF(X2<>"","["&W2&"] "&X2&IF(Y2<>"", " ("&Y2&")",""),"Nenhuma intervenção registrada hoje.")&CHAR(10)&CHAR(10)&"4. Plano Terapêutico"&CHAR(10)&IF(AB2<>"",AB2,"Não definido.")
AC3: ="1. Evolução Clínica"&CHAR(10)&TEXTJOIN(" ",TRUE,"Paciente "&F3&", "&IF(G3="","sem DVA","em uso de "&G3)&".",IF(H3<>"","Em "&H3&IF(AND(H3="VMI",I3<>"")," por "&I3,"")&IF(J3<>""," ("&J3&")","")&IF(K3<>"", ", "&K3,"")&IF(L3<>"", ", sob analgosedação com "&L3,"")&".",""),IF(M3<>"","Dieta "&M3&IF(N3<>"", ", com "&LOWER(N3),"")&IF(O3<>"", " — "&O3,"")&".",""),IF(P3="Febre","Apresentou episódio febril nas últimas 24h"&IF(Q3<>""," ("&Q3&")","")&".",IF(P3="Afebril","Encontra-se afebril.","")),IF(R3<>"",IF(S3="Sim","Apresenta disfunção renal aguda ","Função renal preservada ")&"("&R3&").",""),IF(T3<>"","Em uso do esquema antimicrobiano com "&T3&".",""),IF(U3<>"","Em uso de profilaxia: "&U3&".",""))&CHAR(10)&CHAR(10)&"2. Farmacoterapia"&CHAR(10)&IF(V3<>"","Corticoide/DART: "&V3,"Sem corticoide/DART registrado.")&CHAR(10)&CHAR(10)&"3. Conduta Farmacêutica"&CHAR(10)&IF(X3<>"","["&W3&"] "&X3&IF(Y3<>"", " ("&Y3&")",""),"Nenhuma intervenção registrada hoje.")&CHAR(10)&CHAR(10)&"4. Plano Terapêutico"&CHAR(10)&IF(AB3<>"",AB3,"Não definido.")
AC4: ="1. Evolução Clínica"&CHAR(10)&TEXTJOIN(" ",TRUE,"Paciente "&F4&", "&IF(G4="","sem DVA","em uso de "&G4)&".",IF(H4<>"","Em "&H4&IF(AND(H4="VMI",I4<>"")," por "&I4,"")&IF(J4<>""," ("&J4&")","")&IF(K4<>"", ", "&K4,"")&IF(L4<>"", ", sob analgosedação com "&L4,"")&".",""),IF(M4<>"","Dieta "&M4&IF(N4<>"", ", com "&LOWER(N4),"")&IF(O4<>"", " — "&O4,"")&".",""),IF(P4="Febre","Apresentou episódio febril nas últimas 24h"&IF(Q4<>""," ("&Q4&")","")&".",IF(P4="Afebril","Encontra-se afebril.","")),IF(R4<>"",IF(S4="Sim","Apresenta disfunção renal aguda ","Função renal preservada ")&"("&R4&").",""),IF(T4<>"","Em uso do esquema antimicrobiano com "&T4&".",""),IF(U4<>"","Em uso de profilaxia: "&U4&".",""))&CHAR(10)&CHAR(10)&"2. Farmacoterapia"&CHAR(10)&IF(V4<>"","Corticoide/DART: "&V4,"Sem corticoide/DART registrado.")&CHAR(10)&CHAR(10)&"3. Conduta Farmacêutica"&CHAR(10)&IF(X4<>"","["&W4&"] "&X4&IF(Y4<>"", " ("&Y4&")",""),"Nenhuma intervenção registrada hoje.")&CHAR(10)&CHAR(10)&"4. Plano Terapêutico"&CHAR(10)&IF(AB4<>"",AB4,"Não definido.")
AC5: ="1. Evolução Clínica"&CHAR(10)&TEXTJOIN(" ",TRUE,"Paciente "&F5&", "&IF(G5="","sem DVA","em uso de "&G5)&".",IF(H5<>"","Em "&H5&IF(AND(H5="VMI",I5<>"")," por "&I5,"")&IF(J5<>""," ("&J5&")","")&IF(K5<>"", ", "&K5,"")&IF(L5<>"", ", sob analgosedação com "&L5,"")&".",""),IF(M5<>"","Dieta "&M5&IF(N5<>"", ", com "&LOWER(N5),"")&IF(O5<>"", " — "&O5,"")&".",""),IF(P5="Febre","Apresentou episódio febril nas últimas 24h"&IF(Q5<>""," ("&Q5&")","")&".",IF(P5="Afebril","Encontra-se afebril.","")),IF(R5<>"",IF(S5="Sim","Apresenta disfunção renal aguda ","Função renal preservada ")&"("&R5&").",""),IF(T5<>"","Em uso do esquema antimicrobiano com "&T5&".",""),IF(U5<>"","Em uso de profilaxia: "&U5&".",""))&CHAR(10)&CHAR(10)&"2. Farmacoterapia"&CHAR(10)&IF(V5<>"","Corticoide/DART: "&V5,"Sem corticoide/DART registrado.")&CHAR(10)&CHAR(10)&"3. Conduta Farmacêutica"&CHAR(10)&IF(X5<>"","["&W5&"] "&X5&IF(Y5<>"", " ("&Y5&")",""),"Nenhuma intervenção registrada hoje.")&CHAR(10)&CHAR(10)&"4. Plano Terapêutico"&CHAR(10)&IF(AB5<>"",AB5,"Não definido.")
AC6: ="1. Evolução Clínica"&CHAR(10)&TEXTJOIN(" ",TRUE,"Paciente "&F6&", "&IF(G6="","sem DVA","em uso de "&G6)&".",IF(H6<>"","Em "&H6&IF(AND(H6="VMI",I6<>"")," por "&I6,"")&IF(J6<>""," ("&J6&")","")&IF(K6<>"", ", "&K6,"")&IF(L6<>"", ", sob analgosedação com "&L6,"")&".",""),IF(M6<>"","Dieta "&M6&IF(N6<>"", ", com "&LOWER(N6),"")&IF(O6<>"", " — "&O6,"")&".",""),IF(P6="Febre","Apresentou episódio febril nas últimas 24h"&IF(Q6<>""," ("&Q6&")","")&".",IF(P6="Afebril","Encontra-se afebril.","")),IF(R6<>"",IF(S6="Sim","Apresenta disfunção renal aguda ","Função renal preservada ")&"("&R6&").",""),IF(T6<>"","Em uso do esquema antimicrobiano com "&T6&".",""),IF(U6<>"","Em uso de profilaxia: "&U6&".",""))&CHAR(10)&CHAR(10)&"2. Farmacoterapia"&CHAR(10)&IF(V6<>"","Corticoide/DART: "&V6,"Sem corticoide/DART registrado.")&CHAR(10)&CHAR(10)&"3. Conduta Farmacêutica"&CHAR(10)&IF(X6<>"","["&W6&"] "&X6&IF(Y6<>"", " ("&Y6&")",""),"Nenhuma intervenção registrada hoje.")&CHAR(10)&CHAR(10)&"4. Plano Terapêutico"&CHAR(10)&IF(AB6<>"",AB6,"Não definido.")
AC7: ="1. Evolução Clínica"&CHAR(10)&TEXTJOIN(" ",TRUE,"Paciente "&F7&", "&IF(G7="","sem DVA","em uso de "&G7)&".",IF(H7<>"","Em "&H7&IF(AND(H7="VMI",I7<>"")," por "&I7,"")&IF(J7<>""," ("&J7&")","")&IF(K7<>"", ", "&K7,"")&IF(L7<>"", ", sob analgosedação com "&L7,"")&".",""),IF(M7<>"","Dieta "&M7&IF(N7<>"", ", com "&LOWER(N7),"")&IF(O7<>"", " — "&O7,"")&".",""),IF(P7="Febre","Apresentou episódio febril nas últimas 24h"&IF(Q7<>""," ("&Q7&")","")&".",IF(P7="Afebril","Encontra-se afebril.","")),IF(R7<>"",IF(S7="Sim","Apresenta disfunção renal aguda ","Função renal preservada ")&"("&R7&").",""),IF(T7<>"","Em uso do esquema antimicrobiano com "&T7&".",""),IF(U7<>"","Em uso de profilaxia: "&U7&".",""))&CHAR(10)&CHAR(10)&"2. Farmacoterapia"&CHAR(10)&IF(V7<>"","Corticoide/DART: "&V7,"Sem corticoide/DART registrado.")&CHAR(10)&CHAR(10)&"3. Conduta Farmacêutica"&CHAR(10)&IF(X7<>"","["&W7&"] "&X7&IF(Y7<>"", " ("&Y7&")",""),"Nenhuma intervenção registrada hoje.")&CHAR(10)&CHAR(10)&"4. Plano Terapêutico"&CHAR(10)&IF(AB7<>"",AB7,"Não definido.")
AC8: ="1. Evolução Clínica"&CHAR(10)&TEXTJOIN(" ",TRUE,"Paciente "&F8&", "&IF(G8="","sem DVA","em uso de "&G8)&".",IF(H8<>"","Em "&H8&IF(AND(H8="VMI",I8<>"")," por "&I8,"")&IF(J8<>""," ("&J8&")","")&IF(K8<>"", ", "&K8,"")&IF(L8<>"", ", sob analgosedação com "&L8,"")&".",""),IF(M8<>"","Dieta "&M8&IF(N8<>"", ", com "&LOWER(N8),"")&IF(O8<>"", " — "&O8,"")&".",""),IF(P8="Febre","Apresentou episódio febril nas últimas 24h"&IF(Q8<>""," ("&Q8&")","")&".",IF(P8="Afebril","Encontra-se afebril.","")),IF(R8<>"",IF(S8="Sim","Apresenta disfunção renal aguda ","Função renal preservada ")&"("&R8&").",""),IF(T8<>"","Em uso do esquema antimicrobiano com "&T8&".",""),IF(U8<>"","Em uso de profilaxia: "&U8&".",""))&CHAR(10)&CHAR(10)&"2. Farmacoterapia"&CHAR(10)&IF(V8<>"","Corticoide/DART: "&V8,"Sem corticoide/DART registrado.")&CHAR(10)&CHAR(10)&"3. Conduta Farmacêutica"&CHAR(10)&IF(X8<>"","["&W8&"] "&X8&IF(Y8<>"", " ("&Y8&")",""),"Nenhuma intervenção registrada hoje.")&CHAR(10)&CHAR(10)&"4. Plano Terapêutico"&CHAR(10)&IF(AB8<>"",AB8,"Não definido.")
AC9: ="1. Evolução Clínica"&CHAR(10)&TEXTJOIN(" ",TRUE,"Paciente "&F9&", "&IF(G9="","sem DVA","em uso de "&G9)&".",IF(H9<>"","Em "&H9&IF(AND(H9="VMI",I9<>"")," por "&I9,"")&IF(J9<>""," ("&J9&")","")&IF(K9<>"", ", "&K9,"")&IF(L9<>"", ", sob analgosedação com "&L9,"")&".",""),IF(M9<>"","Dieta "&M9&IF(N9<>"", ", com "&LOWER(N9),"")&IF(O9<>"", " — "&O9,"")&".",""),IF(P9="Febre","Apresentou episódio febril nas últimas 24h"&IF(Q9<>""," ("&Q9&")","")&".",IF(P9="Afebril","Encontra-se afebril.","")),IF(R9<>"",IF(S9="Sim","Apresenta disfunção renal aguda ","Função renal preservada ")&"("&R9&").",""),IF(T9<>"","Em uso do esquema antimicrobiano com "&T9&".",""),IF(U9<>"","Em uso de profilaxia: "&U9&".",""))&CHAR(10)&CHAR(10)&"2. Farmacoterapia"&CHAR(10)&IF(V9<>"","Corticoide/DART: "&V9,"Sem corticoide/DART registrado.")&CHAR(10)&CHAR(10)&"3. Conduta Farmacêutica"&CHAR(10)&IF(X9<>"","["&W9&"] "&X9&IF(Y9<>"", " ("&Y9&")",""),"Nenhuma intervenção registrada hoje.")&CHAR(10)&CHAR(10)&"4. Plano Terapêutico"&CHAR(10)&IF(AB9<>"",AB9,"Não definido.")
AC10: ="1. Evolução Clínica"&CHAR(10)&TEXTJOIN(" ",TRUE,"Paciente "&F10&", "&IF(G10="","sem DVA","em uso de "&G10)&".",IF(H10<>"","Em "&H10&IF(AND(H10="VMI",I10<>"")," por "&I10,"")&IF(J10<>""," ("&J10&")","")&IF(K10<>"", ", "&K10,"")&IF(L10<>"", ", sob analgosedação com "&L10,"")&".",""),IF(M10<>"","Dieta "&M10&IF(N10<>"", ", com "&LOWER(N10),"")&IF(O10<>"", " — "&O10,"")&".",""),IF(P10="Febre","Apresentou episódio febril nas últimas 24h"&IF(Q10<>""," ("&Q10&")","")&".",IF(P10="Afebril","Encontra-se afebril.","")),IF(R10<>"",IF(S10="Sim","Apresenta disfunção renal aguda ","Função renal preservada ")&"("&R10&").",""),IF(T10<>"","Em uso do esquema antimicrobiano com "&T10&".",""),IF(U10<>"","Em uso de profilaxia: "&U10&".",""))&CHAR(10)&CHAR(10)&"2. Farmacoterapia"&CHAR(10)&IF(V10<>"","Corticoide/DART: "&V10,"Sem corticoide/DART registrado.")&CHAR(10)&CHAR(10)&"3. Conduta Farmacêutica"&CHAR(10)&IF(X10<>"","["&W10&"] "&X10&IF(Y10<>"", " ("&Y10&")",""),"Nenhuma intervenção registrada hoje.")&CHAR(10)&CHAR(10)&"4. Plano Terapêutico"&CHAR(10)&IF(AB10<>"",AB10,"Não definido.")
AC11: ="1. Evolução Clínica"&CHAR(10)&TEXTJOIN(" ",TRUE,"Paciente "&F11&", "&IF(G11="","sem DVA","em uso de "&G11)&".",IF(H11<>"","Em "&H11&IF(AND(H11="VMI",I11<>"")," por "&I11,"")&IF(J11<>""," ("&J11&")","")&IF(K11<>"", ", "&K11,"")&IF(L11<>"", ", sob analgosedação com "&L11,"")&".",""),IF(M11<>"","Dieta "&M11&IF(N11<>"", ", com "&LOWER(N11),"")&IF(O11<>"", " — "&O11,"")&".",""),IF(P11="Febre","Apresentou episódio febril nas últimas 24h"&IF(Q11<>""," ("&Q11&")","")&".",IF(P11="Afebril","Encontra-se afebril.","")),IF(R11<>"",IF(S11="Sim","Apresenta disfunção renal aguda ","Função renal preservada ")&"("&R11&").",""),IF(T11<>"","Em uso do esquema antimicrobiano com "&T11&".",""),IF(U11<>"","Em uso de profilaxia: "&U11&".",""))&CHAR(10)&CHAR(10)&"2. Farmacoterapia"&CHAR(10)&IF(V11<>"","Corticoide/DART: "&V11,"Sem corticoide/DART registrado.")&CHAR(10)&CHAR(10)&"3. Conduta Farmacêutica"&CHAR(10)&IF(X11<>"","["&W11&"] "&X11&IF(Y11<>"", " ("&Y11&")",""),"Nenhuma intervenção registrada hoje.")&CHAR(10)&CHAR(10)&"4. Plano Terapêutico"&CHAR(10)&IF(AB11<>"",AB11,"Não definido.")
AC12: ="1. Evolução Clínica"&CHAR(10)&TEXTJOIN(" ",TRUE,"Paciente "&F12&", "&IF(G12="","sem DVA","em uso de "&G12)&".",IF(H12<>"","Em "&H12&IF(AND(H12="VMI",I12<>"")," por "&I12,"")&IF(J12<>""," ("&J12&")","")&IF(K12<>"", ", "&K12,"")&IF(L12<>"", ", sob analgosedação com "&L12,"")&".",""),IF(M12<>"","Dieta "&M12&IF(N12<>"", ", com "&LOWER(N12),"")&IF(O12<>"", " — "&O12,"")&".",""),IF(P12="Febre","Apresentou episódio febril nas últimas 24h"&IF(Q12<>""," ("&Q12&")","")&".",IF(P12="Afebril","Encontra-se afebril.","")),IF(R12<>"",IF(S12="Sim","Apresenta disfunção renal aguda ","Função renal preservada ")&"("&R12&").",""),IF(T12<>"","Em uso do esquema antimicrobiano com "&T12&".",""),IF(U12<>"","Em uso de profilaxia: "&U12&".",""))&CHAR(10)&CHAR(10)&"2. Farmacoterapia"&CHAR(10)&IF(V12<>"","Corticoide/DART: "&V12,"Sem corticoide/DART registrado.")&CHAR(10)&CHAR(10)&"3. Conduta Farmacêutica"&CHAR(10)&IF(X12<>"","["&W12&"] "&X12&IF(Y12<>"", " ("&Y12&")",""),"Nenhuma intervenção registrada hoje.")&CHAR(10)&CHAR(10)&"4. Plano Terapêutico"&CHAR(10)&IF(AB12<>"",AB12,"Não definido.")
AC13: ="1. Evolução Clínica"&CHAR(10)&TEXTJOIN(" ",TRUE,"Paciente "&F13&", "&IF(G13="","sem DVA","em uso de "&G13)&".",IF(H13<>"","Em "&H13&IF(AND(H13="VMI",I13<>"")," por "&I13,"")&IF(J13<>""," ("&J13&")","")&IF(K13<>"", ", "&K13,"")&IF(L13<>"", ", sob analgosedação com "&L13,"")&".",""),IF(M13<>"","Dieta "&M13&IF(N13<>"", ", com "&LOWER(N13),"")&IF(O13<>"", " — "&O13,"")&".",""),IF(P13="Febre","Apresentou episódio febril nas últimas 24h"&IF(Q13<>""," ("&Q13&")","")&".",IF(P13="Afebril","Encontra-se afebril.","")),IF(R13<>"",IF(S13="Sim","Apresenta disfunção renal aguda ","Função renal preservada ")&"("&R13&").",""),IF(T13<>"","Em uso do esquema antimicrobiano com "&T13&".",""),IF(U13<>"","Em uso de profilaxia: "&U13&".",""))&CHAR(10)&CHAR(10)&"2. Farmacoterapia"&CHAR(10)&IF(V13<>"","Corticoide/DART: "&V13,"Sem corticoide/DART registrado.")&CHAR(10)&CHAR(10)&"3. Conduta Farmacêutica"&CHAR(10)&IF(X13<>"","["&W13&"] "&X13&IF(Y13<>"", " ("&Y13&")",""),"Nenhuma intervenção registrada hoje.")&CHAR(10)&CHAR(10)&"4. Plano Terapêutico"&CHAR(10)&IF(AB13<>"",AB13,"Não definido.")
AC14: ="1. Evolução Clínica"&CHAR(10)&TEXTJOIN(" ",TRUE,"Paciente "&F14&", "&IF(G14="","sem DVA","em uso de "&G14)&".",IF(H14<>"","Em "&H14&IF(AND(H14="VMI",I14<>"")," por "&I14,"")&IF(J14<>""," ("&J14&")","")&IF(K14<>"", ", "&K14,"")&IF(L14<>"", ", sob analgosedação com "&L14,"")&".",""),IF(M14<>"","Dieta "&M14&IF(N14<>"", ", com "&LOWER(N14),"")&IF(O14<>"", " — "&O14,"")&".",""),IF(P14="Febre","Apresentou episódio febril nas últimas 24h"&IF(Q14<>""," ("&Q14&")","")&".",IF(P14="Afebril","Encontra-se afebril.","")),IF(R14<>"",IF(S14="Sim","Apresenta disfunção renal aguda ","Função renal preservada ")&"("&R14&").",""),IF(T14<>"","Em uso do esquema antimicrobiano com "&T14&".",""),IF(U14<>"","Em uso de profilaxia: "&U14&".",""))&CHAR(10)&CHAR(10)&"2. Farmacoterapia"&CHAR(10)&IF(V14<>"","Corticoide/DART: "&V14,"Sem corticoide/DART registrado.")&CHAR(10)&CHAR(10)&"3. Conduta Farmacêutica"&CHAR(10)&IF(X14<>"","["&W14&"] "&X14&IF(Y14<>"", " ("&Y14&")",""),"Nenhuma intervenção registrada hoje.")&CHAR(10)&CHAR(10)&"4. Plano Terapêutico"&CHAR(10)&IF(AB14<>"",AB14,"Não definido.")
... AC300: ="1. Evolução Clínica"&CHAR(10)&TEXTJOIN(" ",TRUE,"Paciente "&F300&", "&IF(G300="","sem DVA","em uso de "&G300)&".",IF(H300<>"","Em "&H300&IF(AND(H300="VMI",I300<>"")," por "&I300,"")&IF(J300<>""," ("&J300&")","")&IF(K300<>"", ", "&K300,"")&IF(L300<>"", ", sob analgosedação com "&L300,"")&".",""),IF(M300<>"","Dieta "&M300&IF(N300<>"", ", com "&LOWER(N300),"")&IF(O300<>"", " — "&O300,"")&".",""),IF(P300="Febre","Apresentou episódio febril nas últimas 24h"&IF(Q300<>""," ("&Q300&")","")&".",IF(P300="Afebril","Encontra-se afebril.","")),IF(R300<>"",IF(S300="Sim","Apresenta disfunção renal aguda ","Função renal preservada ")&"("&R300&").",""),IF(T300<>"","Em uso do esquema antimicrobiano com "&T300&".",""),IF(U300<>"","Em uso de profilaxia: "&U300&".",""))&CHAR(10)&CHAR(10)&"2. Farmacoterapia"&CHAR(10)&IF(V300<>"","Corticoide/DART: "&V300,"Sem corticoide/DART registrado.")&CHAR(10)&CHAR(10)&"3. Conduta Farmacêutica"&CHAR(10)&IF(X300<>"","["&W300&"] "&X300&IF(Y300<>"", " ("&Y300&")",""),"Nenhuma intervenção registrada hoje.")&CHAR(10)&CHAR(10)&"4. Plano Terapêutico"&CHAR(10)&IF(AB300<>"",AB300,"Não definido.")

Sheet Indicadores
A1: Filtros
A3: Mês | B3: 5 - Maio
A4: Ano | B4: 2026
A5: Setor | B5: Todos
A7: Mês (nº) [auxiliar] | B7: =VALUE(LEFT(B3,FIND(" ",B3)-1))
A8: Data Início [auxiliar] | B8: =DATE(B4,B7,1)
A9: Data Fim [auxiliar] | B9: =EOMONTH(B8,0)
A12: Indicadores do Período | D12: Intervenções por Categoria (no período/setor filtrado)
A13: Total de Intervenções | B13: =SUMPRODUCT(('Ficha Diária'!$E$2:$E$300>=$B$8)*('Ficha Diária'!$E$2:$E$300<=$B$9)*(($B$5="Todos")+('Ficha Diária'!$C$2:$C$300=$B$5))*('Ficha Diária'!$Y$2:$Y$300<>"")*('Ficha Diária'!$Y$2:$Y$300<>"Sem intervenção hoje")) | D13: Categoria | E13: Contagem
A14: Intervenções Aceitas | B14: =SUMPRODUCT(('Ficha Diária'!$E$2:$E$300>=$B$8)*('Ficha Diária'!$E$2:$E$300<=$B$9)*(($B$5="Todos")+('Ficha Diária'!$C$2:$C$300=$B$5))*ISNUMBER(SEARCH("Aceita",'Ficha Diária'!$Y$2:$Y$300))) | D14: Dose | E14: =SUMPRODUCT(('Ficha Diária'!$E$2:$E$300>=$B$8)*('Ficha Diária'!$E$2:$E$300<=$B$9)*(($B$5="Todos")+('Ficha Diária'!$C$2:$C$300=$B$5))*('Ficha Diária'!$W$2:$W$300=D14))
A15: Taxa de Aceitação (%) | B15: =IF(B13=0,0,ROUND(B14/B13*100,1)) | D15: Dispensação | E15: =SUMPRODUCT(('Ficha Diária'!$E$2:$E$300>=$B$8)*('Ficha Diária'!$E$2:$E$300<=$B$9)*(($B$5="Todos")+('Ficha Diária'!$C$2:$C$300=$B$5))*('Ficha Diária'!$W$2:$W$300=D15))
A16: Total de Reconciliações | B16: =SUMPRODUCT(('Ficha Diária'!$E$2:$E$300>=$B$8)*('Ficha Diária'!$E$2:$E$300<=$B$9)*(($B$5="Todos")+('Ficha Diária'!$C$2:$C$300=$B$5))*('Ficha Diária'!$AA$2:$AA$300="Sim")) | D16: Frequência de Administração | E16: =SUMPRODUCT(('Ficha Diária'!$E$2:$E$300>=$B$8)*('Ficha Diária'!$E$2:$E$300<=$B$9)*(($B$5="Todos")+('Ficha Diária'!$C$2:$C$300=$B$5))*('Ficha Diária'!$W$2:$W$300=D16))
A17: Fichas no Período (denominador aprox.) | B17: =SUMPRODUCT(('Ficha Diária'!$E$2:$E$300>=$B$8)*('Ficha Diária'!$E$2:$E$300<=$B$9)*(($B$5="Todos")+('Ficha Diária'!$C$2:$C$300=$B$5))*('Ficha Diária'!$E$2:$E$300<>"")) | D17: Via / Forma Farmacêutica | E17: =SUMPRODUCT(('Ficha Diária'!$E$2:$E$300>=$B$8)*('Ficha Diária'!$E$2:$E$300<=$B$9)*(($B$5="Todos")+('Ficha Diária'!$C$2:$C$300=$B$5))*('Ficha Diária'!$W$2:$W$300=D17))
A18: Taxa de Reconciliação (%) [aprox., por ficha] | B18: =IF(B17=0,0,ROUND(B16/B17*100,1)) | D18: Administração por Sonda | E18: =SUMPRODUCT(('Ficha Diária'!$E$2:$E$300>=$B$8)*('Ficha Diária'!$E$2:$E$300<=$B$9)*(($B$5="Todos")+('Ficha Diária'!$C$2:$C$300=$B$5))*('Ficha Diária'!$W$2:$W$300=D18))
D19: Tempo de Infusão & Diluição | E19: =SUMPRODUCT(('Ficha Diária'!$E$2:$E$300>=$B$8)*('Ficha Diária'!$E$2:$E$300<=$B$9)*(($B$5="Todos")+('Ficha Diária'!$C$2:$C$300=$B$5))*('Ficha Diária'!$W$2:$W$300=D19))
D20: Indicação & Resposta Terapêutica | E20: =SUMPRODUCT(('Ficha Diária'!$E$2:$E$300>=$B$8)*('Ficha Diária'!$E$2:$E$300<=$B$9)*(($B$5="Todos")+('Ficha Diária'!$C$2:$C$300=$B$5))*('Ficha Diária'!$W$2:$W$300=D20))
D21: Exames & Dispositivos | E21: =SUMPRODUCT(('Ficha Diária'!$E$2:$E$300>=$B$8)*('Ficha Diária'!$E$2:$E$300<=$B$9)*(($B$5="Todos")+('Ficha Diária'!$C$2:$C$300=$B$5))*('Ficha Diária'!$W$2:$W$300=D21))
D22: Reação Adversa (RAM) | E22: =SUMPRODUCT(('Ficha Diária'!$E$2:$E$300>=$B$8)*('Ficha Diária'!$E$2:$E$300<=$B$9)*(($B$5="Todos")+('Ficha Diária'!$C$2:$C$300=$B$5))*('Ficha Diária'!$W$2:$W$300=D22))
D23: Incompatibilidade & Interações | E23: =SUMPRODUCT(('Ficha Diária'!$E$2:$E$300>=$B$8)*('Ficha Diária'!$E$2:$E$300<=$B$9)*(($B$5="Todos")+('Ficha Diária'!$C$2:$C$300=$B$5))*('Ficha Diária'!$W$2:$W$300=D23))
D24: Gerenciamento de Antimicrobianos (Stewardship) | E24: =SUMPRODUCT(('Ficha Diária'!$E$2:$E$300>=$B$8)*('Ficha Diária'!$E$2:$E$300<=$B$9)*(($B$5="Todos")+('Ficha Diária'!$C$2:$C$300=$B$5))*('Ficha Diária'!$W$2:$W$300=D24))
D25: Analgesia Multimodal | E25: =SUMPRODUCT(('Ficha Diária'!$E$2:$E$300>=$B$8)*('Ficha Diária'!$E$2:$E$300<=$B$9)*(($B$5="Todos")+('Ficha Diária'!$C$2:$C$300=$B$5))*('Ficha Diária'!$W$2:$W$300=D25))
