Workbook

Sheet Instruções
A1: COMO USAR — VERSÃO 4
A3: O que mudou nesta versão:
A4: • Suporte Ventilatório já inclui "VMI por TOT" e "VMI por TQT" como opções diretas na lista — não precisa mais de coluna separada pra via.
A5: • "Intervenções" agora é uma aba própria — cada linha é uma intervenção farmacêutica, independente da ficha diária. Um paciente pode ter 0, 1 ou várias no mesmo dia.
A6: • Cadastre o paciente UMA VEZ na aba "Pacientes". Nas abas "Ficha Diária" e "Intervenções", basta escolher o Prontuário — Nome, Setor e Leito são preenchidos sozinhos (fundo cinza-azulado, itálico = campo herdado, não editar direto).
A7: • A coluna de Conduta Farmacêutica na Evolução Gerada busca automaticamente, na aba Intervenções, tudo que foi registrado para aquele paciente NAQUELE dia.
A8: • Faixas de cor alternadas automáticas em todas as tabelas, mais cor por status (Pacientes) e por aceitabilidade (Intervenções).
A10: ⚠️ IMPORTANTE — compatibilidade da fórmula:
A11: A fórmula de Conduta usa a função FILTER, disponível no Google Sheets e no Excel 365 (versões mais recentes). Se você usa uma versão mais antiga do Excel (2019 ou anterior) sem Microsoft 365, essa célula específica pode dar erro — me avise que eu troco por uma fórmula alternativa (mais longa, mas compatível com qualquer versão).
A13: Fluxo de uso:
A14: 1. Cadastre o paciente em "Pacientes".
A15: 2. Todo dia, adicione uma linha em "Ficha Diária" com o Prontuário dele.
... A18: 5. Acompanhe os números em "Indicadores", filtrando por mês/ano/setor.

Sheet Listas
A1: Setor | B1: StatusPaciente | C1: HemoStatus | D1: Ventilacao | E1: EstadoNeuro | F1: SimNao | G1: Dieta | H1: Aceitacao | I1: Febre | J1: Categoria | K1: StatusIntervencao | L1: Profissional | M1: Meses | N1: SetorFiltro
A2: UTI neo | B2: Ativo | C2: hemodinamicamente estável | D2: Ar Ambiente | E2: Confortável | F2: Sim | G2: Zero/Jejum | H2: Boa Aceitação | I2: Afebril | J2: Dose | K2: Aceita e implementada | L2: Médico | M2: 1 - Janeiro | N2: Todos
A3: UTI ped | B3: Alta | C3: hemodinamicamente instável | D3: VMI por TOT | E3: Agitado | F3: Não | G3: Oral | H3: Aceitação Parcial | I3: Febre | J3: Dispensação | K3: Aceita, porém não implementada | L3: Residente | M3: 2 - Fevereiro | N3: UTI neo
A4: UCSIN | D4: VMI por TQT | E4: Comatoso | G4: Enteral | H4: Intolerância à Dieta | J4: Frequência de Administração | K4: Não aceita com justificativa clínica | L4: Enfermeiro | M4: 3 - Março | N4: UTI ped
D5: Cateter Nasal | E5: Arreativo | G5: NPT | J5: Via / Forma Farmacêutica | K5: Não aceita sem justificativa clínica | L5: Técnico de Enfermagem | M5: 4 - Abril | N5: UCSIN
D6: Máscara de Venturi | E6: Reativo | J6: Administração por Sonda | K6: Pendente de resposta | L6: Fisioterapeuta | M6: 5 - Maio
D7: VNI/CPAP | J7: Tempo de Infusão & Diluição | L7: Fonoaudiólogo | M7: 6 - Junho
J8: Indicação & Resposta Terapêutica | L8: Nutricionista | M8: 7 - Julho
J9: Exames & Dispositivos | L9: Outro | M9: 8 - Agosto
J10: Reação Adversa (RAM) | M10: 9 - Setembro
J11: Incompatibilidade & Interações | M11: 10 - Outubro
J12: Gerenciamento de Antimicrobianos (Stewardship) | M12: 11 - Novembro
J13: Analgesia Multimodal | M13: 12 - Dezembro

Sheet Pacientes
A1: Nome | B1: Prontuário | C1: Setor | D1: Leito | E1: Status | F1: Data Admissão | G1: Data Alta | H1: Diagnóstico
A2: M.L.C.A. | B2: PED-8942 | C2: UTI ped | D2: UTIP-04 | E2: Ativo | F2: 2026-05-10 | H2: Bronquiolite Viral Aguda Grave
A3: J.S.O. | B3: PED-7731 | C3: UTI neo | D3: UTIN-02 | E3: Alta | F3: 2026-04-02 | G3: 2026-04-20 | H3: Sepse neonatal precoce
A4: A.B.C. | B4: UCS-3310 | C4: UCSIN | D4: UCS-01 | E4: Ativo | F4: 2026-05-18 | H4: Prematuridade extrema

Sheet Ficha Diária
A1: Prontuário | B1: Nome (herdado) | C1: Setor (herdado) | D1: Leito (herdado) | E1: Status Paciente (herdado) | F1: Data | G1: Status Hemodinâmico | H1: Drogas Vasoativas (texto livre) | I1: Suporte Ventilatório | J1: Parâmetros Ventilatórios (FiO2/PEEP) | K1: Estado Neurológico | L1: Sedoanalgesia (texto livre) | M1: Dieta | N1: Aceitação | O1: Observação Dieta/Aceitação | P1: Febre | Q1: Detalhe Febre (Tmax / episódios) | R1: Função Renal (Cr/Ur/Diurese) | S1: Ajuste Renal? | T1: Antimicrobiano(s) (texto livre) | U1: Profilaxias (texto livre) | V1: Corticoide / DART (texto livre) | W1: Plano Terapêutico | X1: EVOLUÇÃO GERADA (fórmula automática)
A2: PED-8942 | B2: =IFERROR(INDEX(Pacientes!$A:$A,MATCH($A2,Pacientes!$B:$B,0)),"") | C2: =IFERROR(INDEX(Pacientes!$C:$C,MATCH($A2,Pacientes!$B:$B,0)),"") | D2: =IFERROR(INDEX(Pacientes!$D:$D,MATCH($A2,Pacientes!$B:$B,0)),"") | E2: =IFERROR(INDEX(Pacientes!$E:$E,MATCH($A2,Pacientes!$B:$B,0)),"") | F2: 2026-05-14 | G2: hemodinamicamente instável | H2: Noradrenalina 0.15 mcg/kg/min | I2: VMI por TOT | J2: FiO2 40% | PEEP 7,0 | K2: Confortável | L2: Dexmedetomidina 0.4 mcg/kg/h | M2: Oral | N2: Boa Aceitação | P2: Febre | Q2: Tmax 38.4°C, 2 episódios | R2: Cr 1.8 mg/dL, Ur 82 mg/dL, Diurese 0.6 mL/kg/h | S2: Sim | T2: Piperacilina + Tazobactam 4.5g IV 6/6h (DTA 2) | U2: TEV: Enoxaparina 40mg SC; LAMG: Omeprazol 40mg IV; Córnea: Vidisic gel | W2: Mantenho acompanhamento farmacoterapêutico diário. Monitoro função renal e ajusto doses conforme necessário. | X2: ="1. Evolução Clínica"&CHAR(10)&TEXTJOIN(" ",TRUE,"Paciente "&G2&", "&IF(H2="","sem DVA","em uso de "&H2)&".",IF(I2<>"","Em "&I2&IF(J2<>""," ("&J2&")","")&IF(K2<>"", ", "&K2,"")&IF(L2<>"", ", sob analgosedação com "&L2,"")&".",""),IF(M2<>"","Dieta "&M2&IF(N2<>"", ", com "&LOWER(N2),"")&IF(O2<>"", " — "&O2,"")&".",""),IF(P2="Febre","Apresentou episódio febril nas últimas 24h"&IF(Q2<>""," ("&Q2&")","")&".",IF(P2="Afebril","Encontra-se afebril.","")),IF(R2<>"",IF(S2="Sim","Apresenta disfunção renal aguda ","Função renal preservada ")&"("&R2&").",""),IF(T2<>"","Em uso do esquema antimicrobiano com "&T2&".",""),IF(U2<>"","Em uso de profilaxia: "&U2&".",""))&CHAR(10)&CHAR(10)&"2. Farmacoterapia"&CHAR(10)&IF(V2<>"","Corticoide/DART: "&V2,"Sem corticoide/DART registrado.")&CHAR(10)&CHAR(10)&"3. Conduta Farmacêutica"&CHAR(10)&IFERROR(TEXTJOIN(CHAR(10),TRUE,FILTER("["&Intervenções!$E$2:$E$500&"] "&Intervenções!$F$2:$F$500&" ("&Intervenções!$G$2:$G$500&")",(Intervenções!$B$2:$B$500=A2)*(Intervenções!$A$2:$A$500=F2))),"Nenhuma intervenção registrada hoje.")&CHAR(10)&CHAR(10)&"4. Plano Terapêutico"&CHAR(10)&IF(W2<>"",W2,"Não definido.")
B3: =IFERROR(INDEX(Pacientes!$A:$A,MATCH($A3,Pacientes!$B:$B,0)),"") | C3: =IFERROR(INDEX(Pacientes!$C:$C,MATCH($A3,Pacientes!$B:$B,0)),"") | D3: =IFERROR(INDEX(Pacientes!$D:$D,MATCH($A3,Pacientes!$B:$B,0)),"") | E3: =IFERROR(INDEX(Pacientes!$E:$E,MATCH($A3,Pacientes!$B:$B,0)),"") | X3: ="1. Evolução Clínica"&CHAR(10)&TEXTJOIN(" ",TRUE,"Paciente "&G3&", "&IF(H3="","sem DVA","em uso de "&H3)&".",IF(I3<>"","Em "&I3&IF(J3<>""," ("&J3&")","")&IF(K3<>"", ", "&K3,"")&IF(L3<>"", ", sob analgosedação com "&L3,"")&".",""),IF(M3<>"","Dieta "&M3&IF(N3<>"", ", com "&LOWER(N3),"")&IF(O3<>"", " — "&O3,"")&".",""),IF(P3="Febre","Apresentou episódio febril nas últimas 24h"&IF(Q3<>""," ("&Q3&")","")&".",IF(P3="Afebril","Encontra-se afebril.","")),IF(R3<>"",IF(S3="Sim","Apresenta disfunção renal aguda ","Função renal preservada ")&"("&R3&").",""),IF(T3<>"","Em uso do esquema antimicrobiano com "&T3&".",""),IF(U3<>"","Em uso de profilaxia: "&U3&".",""))&CHAR(10)&CHAR(10)&"2. Farmacoterapia"&CHAR(10)&IF(V3<>"","Corticoide/DART: "&V3,"Sem corticoide/DART registrado.")&CHAR(10)&CHAR(10)&"3. Conduta Farmacêutica"&CHAR(10)&IFERROR(TEXTJOIN(CHAR(10),TRUE,FILTER("["&Intervenções!$E$2:$E$500&"] "&Intervenções!$F$2:$F$500&" ("&Intervenções!$G$2:$G$500&")",(Intervenções!$B$2:$B$500=A3)*(Intervenções!$A$2:$A$500=F3))),"Nenhuma intervenção registrada hoje.")&CHAR(10)&CHAR(10)&"4. Plano Terapêutico"&CHAR(10)&IF(W3<>"",W3,"Não definido.")
B4: =IFERROR(INDEX(Pacientes!$A:$A,MATCH($A4,Pacientes!$B:$B,0)),"") | C4: =IFERROR(INDEX(Pacientes!$C:$C,MATCH($A4,Pacientes!$B:$B,0)),"") | D4: =IFERROR(INDEX(Pacientes!$D:$D,MATCH($A4,Pacientes!$B:$B,0)),"") | E4: =IFERROR(INDEX(Pacientes!$E:$E,MATCH($A4,Pacientes!$B:$B,0)),"") | X4: ="1. Evolução Clínica"&CHAR(10)&TEXTJOIN(" ",TRUE,"Paciente "&G4&", "&IF(H4="","sem DVA","em uso de "&H4)&".",IF(I4<>"","Em "&I4&IF(J4<>""," ("&J4&")","")&IF(K4<>"", ", "&K4,"")&IF(L4<>"", ", sob analgosedação com "&L4,"")&".",""),IF(M4<>"","Dieta "&M4&IF(N4<>"", ", com "&LOWER(N4),"")&IF(O4<>"", " — "&O4,"")&".",""),IF(P4="Febre","Apresentou episódio febril nas últimas 24h"&IF(Q4<>""," ("&Q4&")","")&".",IF(P4="Afebril","Encontra-se afebril.","")),IF(R4<>"",IF(S4="Sim","Apresenta disfunção renal aguda ","Função renal preservada ")&"("&R4&").",""),IF(T4<>"","Em uso do esquema antimicrobiano com "&T4&".",""),IF(U4<>"","Em uso de profilaxia: "&U4&".",""))&CHAR(10)&CHAR(10)&"2. Farmacoterapia"&CHAR(10)&IF(V4<>"","Corticoide/DART: "&V4,"Sem corticoide/DART registrado.")&CHAR(10)&CHAR(10)&"3. Conduta Farmacêutica"&CHAR(10)&IFERROR(TEXTJOIN(CHAR(10),TRUE,FILTER("["&Intervenções!$E$2:$E$500&"] "&Intervenções!$F$2:$F$500&" ("&Intervenções!$G$2:$G$500&")",(Intervenções!$B$2:$B$500=A4)*(Intervenções!$A$2:$A$500=F4))),"Nenhuma intervenção registrada hoje.")&CHAR(10)&CHAR(10)&"4. Plano Terapêutico"&CHAR(10)&IF(W4<>"",W4,"Não definido.")
B5: =IFERROR(INDEX(Pacientes!$A:$A,MATCH($A5,Pacientes!$B:$B,0)),"") | C5: =IFERROR(INDEX(Pacientes!$C:$C,MATCH($A5,Pacientes!$B:$B,0)),"") | D5: =IFERROR(INDEX(Pacientes!$D:$D,MATCH($A5,Pacientes!$B:$B,0)),"") | E5: =IFERROR(INDEX(Pacientes!$E:$E,MATCH($A5,Pacientes!$B:$B,0)),"") | X5: ="1. Evolução Clínica"&CHAR(10)&TEXTJOIN(" ",TRUE,"Paciente "&G5&", "&IF(H5="","sem DVA","em uso de "&H5)&".",IF(I5<>"","Em "&I5&IF(J5<>""," ("&J5&")","")&IF(K5<>"", ", "&K5,"")&IF(L5<>"", ", sob analgosedação com "&L5,"")&".",""),IF(M5<>"","Dieta "&M5&IF(N5<>"", ", com "&LOWER(N5),"")&IF(O5<>"", " — "&O5,"")&".",""),IF(P5="Febre","Apresentou episódio febril nas últimas 24h"&IF(Q5<>""," ("&Q5&")","")&".",IF(P5="Afebril","Encontra-se afebril.","")),IF(R5<>"",IF(S5="Sim","Apresenta disfunção renal aguda ","Função renal preservada ")&"("&R5&").",""),IF(T5<>"","Em uso do esquema antimicrobiano com "&T5&".",""),IF(U5<>"","Em uso de profilaxia: "&U5&".",""))&CHAR(10)&CHAR(10)&"2. Farmacoterapia"&CHAR(10)&IF(V5<>"","Corticoide/DART: "&V5,"Sem corticoide/DART registrado.")&CHAR(10)&CHAR(10)&"3. Conduta Farmacêutica"&CHAR(10)&IFERROR(TEXTJOIN(CHAR(10),TRUE,FILTER("["&Intervenções!$E$2:$E$500&"] "&Intervenções!$F$2:$F$500&" ("&Intervenções!$G$2:$G$500&")",(Intervenções!$B$2:$B$500=A5)*(Intervenções!$A$2:$A$500=F5))),"Nenhuma intervenção registrada hoje.")&CHAR(10)&CHAR(10)&"4. Plano Terapêutico"&CHAR(10)&IF(W5<>"",W5,"Não definido.")
B6: =IFERROR(INDEX(Pacientes!$A:$A,MATCH($A6,Pacientes!$B:$B,0)),"") | C6: =IFERROR(INDEX(Pacientes!$C:$C,MATCH($A6,Pacientes!$B:$B,0)),"") | D6: =IFERROR(INDEX(Pacientes!$D:$D,MATCH($A6,Pacientes!$B:$B,0)),"") | E6: =IFERROR(INDEX(Pacientes!$E:$E,MATCH($A6,Pacientes!$B:$B,0)),"") | X6: ="1. Evolução Clínica"&CHAR(10)&TEXTJOIN(" ",TRUE,"Paciente "&G6&", "&IF(H6="","sem DVA","em uso de "&H6)&".",IF(I6<>"","Em "&I6&IF(J6<>""," ("&J6&")","")&IF(K6<>"", ", "&K6,"")&IF(L6<>"", ", sob analgosedação com "&L6,"")&".",""),IF(M6<>"","Dieta "&M6&IF(N6<>"", ", com "&LOWER(N6),"")&IF(O6<>"", " — "&O6,"")&".",""),IF(P6="Febre","Apresentou episódio febril nas últimas 24h"&IF(Q6<>""," ("&Q6&")","")&".",IF(P6="Afebril","Encontra-se afebril.","")),IF(R6<>"",IF(S6="Sim","Apresenta disfunção renal aguda ","Função renal preservada ")&"("&R6&").",""),IF(T6<>"","Em uso do esquema antimicrobiano com "&T6&".",""),IF(U6<>"","Em uso de profilaxia: "&U6&".",""))&CHAR(10)&CHAR(10)&"2. Farmacoterapia"&CHAR(10)&IF(V6<>"","Corticoide/DART: "&V6,"Sem corticoide/DART registrado.")&CHAR(10)&CHAR(10)&"3. Conduta Farmacêutica"&CHAR(10)&IFERROR(TEXTJOIN(CHAR(10),TRUE,FILTER("["&Intervenções!$E$2:$E$500&"] "&Intervenções!$F$2:$F$500&" ("&Intervenções!$G$2:$G$500&")",(Intervenções!$B$2:$B$500=A6)*(Intervenções!$A$2:$A$500=F6))),"Nenhuma intervenção registrada hoje.")&CHAR(10)&CHAR(10)&"4. Plano Terapêutico"&CHAR(10)&IF(W6<>"",W6,"Não definido.")
B7: =IFERROR(INDEX(Pacientes!$A:$A,MATCH($A7,Pacientes!$B:$B,0)),"") | C7: =IFERROR(INDEX(Pacientes!$C:$C,MATCH($A7,Pacientes!$B:$B,0)),"") | D7: =IFERROR(INDEX(Pacientes!$D:$D,MATCH($A7,Pacientes!$B:$B,0)),"") | E7: =IFERROR(INDEX(Pacientes!$E:$E,MATCH($A7,Pacientes!$B:$B,0)),"") | X7: ="1. Evolução Clínica"&CHAR(10)&TEXTJOIN(" ",TRUE,"Paciente "&G7&", "&IF(H7="","sem DVA","em uso de "&H7)&".",IF(I7<>"","Em "&I7&IF(J7<>""," ("&J7&")","")&IF(K7<>"", ", "&K7,"")&IF(L7<>"", ", sob analgosedação com "&L7,"")&".",""),IF(M7<>"","Dieta "&M7&IF(N7<>"", ", com "&LOWER(N7),"")&IF(O7<>"", " — "&O7,"")&".",""),IF(P7="Febre","Apresentou episódio febril nas últimas 24h"&IF(Q7<>""," ("&Q7&")","")&".",IF(P7="Afebril","Encontra-se afebril.","")),IF(R7<>"",IF(S7="Sim","Apresenta disfunção renal aguda ","Função renal preservada ")&"("&R7&").",""),IF(T7<>"","Em uso do esquema antimicrobiano com "&T7&".",""),IF(U7<>"","Em uso de profilaxia: "&U7&".",""))&CHAR(10)&CHAR(10)&"2. Farmacoterapia"&CHAR(10)&IF(V7<>"","Corticoide/DART: "&V7,"Sem corticoide/DART registrado.")&CHAR(10)&CHAR(10)&"3. Conduta Farmacêutica"&CHAR(10)&IFERROR(TEXTJOIN(CHAR(10),TRUE,FILTER("["&Intervenções!$E$2:$E$500&"] "&Intervenções!$F$2:$F$500&" ("&Intervenções!$G$2:$G$500&")",(Intervenções!$B$2:$B$500=A7)*(Intervenções!$A$2:$A$500=F7))),"Nenhuma intervenção registrada hoje.")&CHAR(10)&CHAR(10)&"4. Plano Terapêutico"&CHAR(10)&IF(W7<>"",W7,"Não definido.")
B8: =IFERROR(INDEX(Pacientes!$A:$A,MATCH($A8,Pacientes!$B:$B,0)),"") | C8: =IFERROR(INDEX(Pacientes!$C:$C,MATCH($A8,Pacientes!$B:$B,0)),"") | D8: =IFERROR(INDEX(Pacientes!$D:$D,MATCH($A8,Pacientes!$B:$B,0)),"") | E8: =IFERROR(INDEX(Pacientes!$E:$E,MATCH($A8,Pacientes!$B:$B,0)),"") | X8: ="1. Evolução Clínica"&CHAR(10)&TEXTJOIN(" ",TRUE,"Paciente "&G8&", "&IF(H8="","sem DVA","em uso de "&H8)&".",IF(I8<>"","Em "&I8&IF(J8<>""," ("&J8&")","")&IF(K8<>"", ", "&K8,"")&IF(L8<>"", ", sob analgosedação com "&L8,"")&".",""),IF(M8<>"","Dieta "&M8&IF(N8<>"", ", com "&LOWER(N8),"")&IF(O8<>"", " — "&O8,"")&".",""),IF(P8="Febre","Apresentou episódio febril nas últimas 24h"&IF(Q8<>""," ("&Q8&")","")&".",IF(P8="Afebril","Encontra-se afebril.","")),IF(R8<>"",IF(S8="Sim","Apresenta disfunção renal aguda ","Função renal preservada ")&"("&R8&").",""),IF(T8<>"","Em uso do esquema antimicrobiano com "&T8&".",""),IF(U8<>"","Em uso de profilaxia: "&U8&".",""))&CHAR(10)&CHAR(10)&"2. Farmacoterapia"&CHAR(10)&IF(V8<>"","Corticoide/DART: "&V8,"Sem corticoide/DART registrado.")&CHAR(10)&CHAR(10)&"3. Conduta Farmacêutica"&CHAR(10)&IFERROR(TEXTJOIN(CHAR(10),TRUE,FILTER("["&Intervenções!$E$2:$E$500&"] "&Intervenções!$F$2:$F$500&" ("&Intervenções!$G$2:$G$500&")",(Intervenções!$B$2:$B$500=A8)*(Intervenções!$A$2:$A$500=F8))),"Nenhuma intervenção registrada hoje.")&CHAR(10)&CHAR(10)&"4. Plano Terapêutico"&CHAR(10)&IF(W8<>"",W8,"Não definido.")
B9: =IFERROR(INDEX(Pacientes!$A:$A,MATCH($A9,Pacientes!$B:$B,0)),"") | C9: =IFERROR(INDEX(Pacientes!$C:$C,MATCH($A9,Pacientes!$B:$B,0)),"") | D9: =IFERROR(INDEX(Pacientes!$D:$D,MATCH($A9,Pacientes!$B:$B,0)),"") | E9: =IFERROR(INDEX(Pacientes!$E:$E,MATCH($A9,Pacientes!$B:$B,0)),"") | X9: ="1. Evolução Clínica"&CHAR(10)&TEXTJOIN(" ",TRUE,"Paciente "&G9&", "&IF(H9="","sem DVA","em uso de "&H9)&".",IF(I9<>"","Em "&I9&IF(J9<>""," ("&J9&")","")&IF(K9<>"", ", "&K9,"")&IF(L9<>"", ", sob analgosedação com "&L9,"")&".",""),IF(M9<>"","Dieta "&M9&IF(N9<>"", ", com "&LOWER(N9),"")&IF(O9<>"", " — "&O9,"")&".",""),IF(P9="Febre","Apresentou episódio febril nas últimas 24h"&IF(Q9<>""," ("&Q9&")","")&".",IF(P9="Afebril","Encontra-se afebril.","")),IF(R9<>"",IF(S9="Sim","Apresenta disfunção renal aguda ","Função renal preservada ")&"("&R9&").",""),IF(T9<>"","Em uso do esquema antimicrobiano com "&T9&".",""),IF(U9<>"","Em uso de profilaxia: "&U9&".",""))&CHAR(10)&CHAR(10)&"2. Farmacoterapia"&CHAR(10)&IF(V9<>"","Corticoide/DART: "&V9,"Sem corticoide/DART registrado.")&CHAR(10)&CHAR(10)&"3. Conduta Farmacêutica"&CHAR(10)&IFERROR(TEXTJOIN(CHAR(10),TRUE,FILTER("["&Intervenções!$E$2:$E$500&"] "&Intervenções!$F$2:$F$500&" ("&Intervenções!$G$2:$G$500&")",(Intervenções!$B$2:$B$500=A9)*(Intervenções!$A$2:$A$500=F9))),"Nenhuma intervenção registrada hoje.")&CHAR(10)&CHAR(10)&"4. Plano Terapêutico"&CHAR(10)&IF(W9<>"",W9,"Não definido.")
B10: =IFERROR(INDEX(Pacientes!$A:$A,MATCH($A10,Pacientes!$B:$B,0)),"") | C10: =IFERROR(INDEX(Pacientes!$C:$C,MATCH($A10,Pacientes!$B:$B,0)),"") | D10: =IFERROR(INDEX(Pacientes!$D:$D,MATCH($A10,Pacientes!$B:$B,0)),"") | E10: =IFERROR(INDEX(Pacientes!$E:$E,MATCH($A10,Pacientes!$B:$B,0)),"") | X10: ="1. Evolução Clínica"&CHAR(10)&TEXTJOIN(" ",TRUE,"Paciente "&G10&", "&IF(H10="","sem DVA","em uso de "&H10)&".",IF(I10<>"","Em "&I10&IF(J10<>""," ("&J10&")","")&IF(K10<>"", ", "&K10,"")&IF(L10<>"", ", sob analgosedação com "&L10,"")&".",""),IF(M10<>"","Dieta "&M10&IF(N10<>"", ", com "&LOWER(N10),"")&IF(O10<>"", " — "&O10,"")&".",""),IF(P10="Febre","Apresentou episódio febril nas últimas 24h"&IF(Q10<>""," ("&Q10&")","")&".",IF(P10="Afebril","Encontra-se afebril.","")),IF(R10<>"",IF(S10="Sim","Apresenta disfunção renal aguda ","Função renal preservada ")&"("&R10&").",""),IF(T10<>"","Em uso do esquema antimicrobiano com "&T10&".",""),IF(U10<>"","Em uso de profilaxia: "&U10&".",""))&CHAR(10)&CHAR(10)&"2. Farmacoterapia"&CHAR(10)&IF(V10<>"","Corticoide/DART: "&V10,"Sem corticoide/DART registrado.")&CHAR(10)&CHAR(10)&"3. Conduta Farmacêutica"&CHAR(10)&IFERROR(TEXTJOIN(CHAR(10),TRUE,FILTER("["&Intervenções!$E$2:$E$500&"] "&Intervenções!$F$2:$F$500&" ("&Intervenções!$G$2:$G$500&")",(Intervenções!$B$2:$B$500=A10)*(Intervenções!$A$2:$A$500=F10))),"Nenhuma intervenção registrada hoje.")&CHAR(10)&CHAR(10)&"4. Plano Terapêutico"&CHAR(10)&IF(W10<>"",W10,"Não definido.")
B11: =IFERROR(INDEX(Pacientes!$A:$A,MATCH($A11,Pacientes!$B:$B,0)),"") | C11: =IFERROR(INDEX(Pacientes!$C:$C,MATCH($A11,Pacientes!$B:$B,0)),"") | D11: =IFERROR(INDEX(Pacientes!$D:$D,MATCH($A11,Pacientes!$B:$B,0)),"") | E11: =IFERROR(INDEX(Pacientes!$E:$E,MATCH($A11,Pacientes!$B:$B,0)),"") | X11: ="1. Evolução Clínica"&CHAR(10)&TEXTJOIN(" ",TRUE,"Paciente "&G11&", "&IF(H11="","sem DVA","em uso de "&H11)&".",IF(I11<>"","Em "&I11&IF(J11<>""," ("&J11&")","")&IF(K11<>"", ", "&K11,"")&IF(L11<>"", ", sob analgosedação com "&L11,"")&".",""),IF(M11<>"","Dieta "&M11&IF(N11<>"", ", com "&LOWER(N11),"")&IF(O11<>"", " — "&O11,"")&".",""),IF(P11="Febre","Apresentou episódio febril nas últimas 24h"&IF(Q11<>""," ("&Q11&")","")&".",IF(P11="Afebril","Encontra-se afebril.","")),IF(R11<>"",IF(S11="Sim","Apresenta disfunção renal aguda ","Função renal preservada ")&"("&R11&").",""),IF(T11<>"","Em uso do esquema antimicrobiano com "&T11&".",""),IF(U11<>"","Em uso de profilaxia: "&U11&".",""))&CHAR(10)&CHAR(10)&"2. Farmacoterapia"&CHAR(10)&IF(V11<>"","Corticoide/DART: "&V11,"Sem corticoide/DART registrado.")&CHAR(10)&CHAR(10)&"3. Conduta Farmacêutica"&CHAR(10)&IFERROR(TEXTJOIN(CHAR(10),TRUE,FILTER("["&Intervenções!$E$2:$E$500&"] "&Intervenções!$F$2:$F$500&" ("&Intervenções!$G$2:$G$500&")",(Intervenções!$B$2:$B$500=A11)*(Intervenções!$A$2:$A$500=F11))),"Nenhuma intervenção registrada hoje.")&CHAR(10)&CHAR(10)&"4. Plano Terapêutico"&CHAR(10)&IF(W11<>"",W11,"Não definido.")
B12: =IFERROR(INDEX(Pacientes!$A:$A,MATCH($A12,Pacientes!$B:$B,0)),"") | C12: =IFERROR(INDEX(Pacientes!$C:$C,MATCH($A12,Pacientes!$B:$B,0)),"") | D12: =IFERROR(INDEX(Pacientes!$D:$D,MATCH($A12,Pacientes!$B:$B,0)),"") | E12: =IFERROR(INDEX(Pacientes!$E:$E,MATCH($A12,Pacientes!$B:$B,0)),"") | X12: ="1. Evolução Clínica"&CHAR(10)&TEXTJOIN(" ",TRUE,"Paciente "&G12&", "&IF(H12="","sem DVA","em uso de "&H12)&".",IF(I12<>"","Em "&I12&IF(J12<>""," ("&J12&")","")&IF(K12<>"", ", "&K12,"")&IF(L12<>"", ", sob analgosedação com "&L12,"")&".",""),IF(M12<>"","Dieta "&M12&IF(N12<>"", ", com "&LOWER(N12),"")&IF(O12<>"", " — "&O12,"")&".",""),IF(P12="Febre","Apresentou episódio febril nas últimas 24h"&IF(Q12<>""," ("&Q12&")","")&".",IF(P12="Afebril","Encontra-se afebril.","")),IF(R12<>"",IF(S12="Sim","Apresenta disfunção renal aguda ","Função renal preservada ")&"("&R12&").",""),IF(T12<>"","Em uso do esquema antimicrobiano com "&T12&".",""),IF(U12<>"","Em uso de profilaxia: "&U12&".",""))&CHAR(10)&CHAR(10)&"2. Farmacoterapia"&CHAR(10)&IF(V12<>"","Corticoide/DART: "&V12,"Sem corticoide/DART registrado.")&CHAR(10)&CHAR(10)&"3. Conduta Farmacêutica"&CHAR(10)&IFERROR(TEXTJOIN(CHAR(10),TRUE,FILTER("["&Intervenções!$E$2:$E$500&"] "&Intervenções!$F$2:$F$500&" ("&Intervenções!$G$2:$G$500&")",(Intervenções!$B$2:$B$500=A12)*(Intervenções!$A$2:$A$500=F12))),"Nenhuma intervenção registrada hoje.")&CHAR(10)&CHAR(10)&"4. Plano Terapêutico"&CHAR(10)&IF(W12<>"",W12,"Não definido.")
B13: =IFERROR(INDEX(Pacientes!$A:$A,MATCH($A13,Pacientes!$B:$B,0)),"") | C13: =IFERROR(INDEX(Pacientes!$C:$C,MATCH($A13,Pacientes!$B:$B,0)),"") | D13: =IFERROR(INDEX(Pacientes!$D:$D,MATCH($A13,Pacientes!$B:$B,0)),"") | E13: =IFERROR(INDEX(Pacientes!$E:$E,MATCH($A13,Pacientes!$B:$B,0)),"") | X13: ="1. Evolução Clínica"&CHAR(10)&TEXTJOIN(" ",TRUE,"Paciente "&G13&", "&IF(H13="","sem DVA","em uso de "&H13)&".",IF(I13<>"","Em "&I13&IF(J13<>""," ("&J13&")","")&IF(K13<>"", ", "&K13,"")&IF(L13<>"", ", sob analgosedação com "&L13,"")&".",""),IF(M13<>"","Dieta "&M13&IF(N13<>"", ", com "&LOWER(N13),"")&IF(O13<>"", " — "&O13,"")&".",""),IF(P13="Febre","Apresentou episódio febril nas últimas 24h"&IF(Q13<>""," ("&Q13&")","")&".",IF(P13="Afebril","Encontra-se afebril.","")),IF(R13<>"",IF(S13="Sim","Apresenta disfunção renal aguda ","Função renal preservada ")&"("&R13&").",""),IF(T13<>"","Em uso do esquema antimicrobiano com "&T13&".",""),IF(U13<>"","Em uso de profilaxia: "&U13&".",""))&CHAR(10)&CHAR(10)&"2. Farmacoterapia"&CHAR(10)&IF(V13<>"","Corticoide/DART: "&V13,"Sem corticoide/DART registrado.")&CHAR(10)&CHAR(10)&"3. Conduta Farmacêutica"&CHAR(10)&IFERROR(TEXTJOIN(CHAR(10),TRUE,FILTER("["&Intervenções!$E$2:$E$500&"] "&Intervenções!$F$2:$F$500&" ("&Intervenções!$G$2:$G$500&")",(Intervenções!$B$2:$B$500=A13)*(Intervenções!$A$2:$A$500=F13))),"Nenhuma intervenção registrada hoje.")&CHAR(10)&CHAR(10)&"4. Plano Terapêutico"&CHAR(10)&IF(W13<>"",W13,"Não definido.")
B14: =IFERROR(INDEX(Pacientes!$A:$A,MATCH($A14,Pacientes!$B:$B,0)),"") | C14: =IFERROR(INDEX(Pacientes!$C:$C,MATCH($A14,Pacientes!$B:$B,0)),"") | D14: =IFERROR(INDEX(Pacientes!$D:$D,MATCH($A14,Pacientes!$B:$B,0)),"") | E14: =IFERROR(INDEX(Pacientes!$E:$E,MATCH($A14,Pacientes!$B:$B,0)),"") | X14: ="1. Evolução Clínica"&CHAR(10)&TEXTJOIN(" ",TRUE,"Paciente "&G14&", "&IF(H14="","sem DVA","em uso de "&H14)&".",IF(I14<>"","Em "&I14&IF(J14<>""," ("&J14&")","")&IF(K14<>"", ", "&K14,"")&IF(L14<>"", ", sob analgosedação com "&L14,"")&".",""),IF(M14<>"","Dieta "&M14&IF(N14<>"", ", com "&LOWER(N14),"")&IF(O14<>"", " — "&O14,"")&".",""),IF(P14="Febre","Apresentou episódio febril nas últimas 24h"&IF(Q14<>""," ("&Q14&")","")&".",IF(P14="Afebril","Encontra-se afebril.","")),IF(R14<>"",IF(S14="Sim","Apresenta disfunção renal aguda ","Função renal preservada ")&"("&R14&").",""),IF(T14<>"","Em uso do esquema antimicrobiano com "&T14&".",""),IF(U14<>"","Em uso de profilaxia: "&U14&".",""))&CHAR(10)&CHAR(10)&"2. Farmacoterapia"&CHAR(10)&IF(V14<>"","Corticoide/DART: "&V14,"Sem corticoide/DART registrado.")&CHAR(10)&CHAR(10)&"3. Conduta Farmacêutica"&CHAR(10)&IFERROR(TEXTJOIN(CHAR(10),TRUE,FILTER("["&Intervenções!$E$2:$E$500&"] "&Intervenções!$F$2:$F$500&" ("&Intervenções!$G$2:$G$500&")",(Intervenções!$B$2:$B$500=A14)*(Intervenções!$A$2:$A$500=F14))),"Nenhuma intervenção registrada hoje.")&CHAR(10)&CHAR(10)&"4. Plano Terapêutico"&CHAR(10)&IF(W14<>"",W14,"Não definido.")
... B300: =IFERROR(INDEX(Pacientes!$A:$A,MATCH($A300,Pacientes!$B:$B,0)),"") | C300: =IFERROR(INDEX(Pacientes!$C:$C,MATCH($A300,Pacientes!$B:$B,0)),"") | D300: =IFERROR(INDEX(Pacientes!$D:$D,MATCH($A300,Pacientes!$B:$B,0)),"") | E300: =IFERROR(INDEX(Pacientes!$E:$E,MATCH($A300,Pacientes!$B:$B,0)),"") | X300: ="1. Evolução Clínica"&CHAR(10)&TEXTJOIN(" ",TRUE,"Paciente "&G300&", "&IF(H300="","sem DVA","em uso de "&H300)&".",IF(I300<>"","Em "&I300&IF(J300<>""," ("&J300&")","")&IF(K300<>"", ", "&K300,"")&IF(L300<>"", ", sob analgosedação com "&L300,"")&".",""),IF(M300<>"","Dieta "&M300&IF(N300<>"", ", com "&LOWER(N300),"")&IF(O300<>"", " — "&O300,"")&".",""),IF(P300="Febre","Apresentou episódio febril nas últimas 24h"&IF(Q300<>""," ("&Q300&")","")&".",IF(P300="Afebril","Encontra-se afebril.","")),IF(R300<>"",IF(S300="Sim","Apresenta disfunção renal aguda ","Função renal preservada ")&"("&R300&").",""),IF(T300<>"","Em uso do esquema antimicrobiano com "&T300&".",""),IF(U300<>"","Em uso de profilaxia: "&U300&".",""))&CHAR(10)&CHAR(10)&"2. Farmacoterapia"&CHAR(10)&IF(V300<>"","Corticoide/DART: "&V300,"Sem corticoide/DART registrado.")&CHAR(10)&CHAR(10)&"3. Conduta Farmacêutica"&CHAR(10)&IFERROR(TEXTJOIN(CHAR(10),TRUE,FILTER("["&Intervenções!$E$2:$E$500&"] "&Intervenções!$F$2:$F$500&" ("&Intervenções!$G$2:$G$500&")",(Intervenções!$B$2:$B$500=A300)*(Intervenções!$A$2:$A$500=F300))),"Nenhuma intervenção registrada hoje.")&CHAR(10)&CHAR(10)&"4. Plano Terapêutico"&CHAR(10)&IF(W300<>"",W300,"Não definido.")

Sheet Intervenções
A1: Data | B1: Prontuário | C1: Nome (herdado) | D1: Setor (herdado) | E1: Categoria | F1: Descrição da Conduta | G1: Status da Intervenção | H1: Profissional Contatado | I1: Reconciliação Realizada?
A2: 2026-05-14 | B2: PED-8942 | C2: =IFERROR(INDEX(Pacientes!$A:$A,MATCH($B2,Pacientes!$B:$B,0)),"") | D2: =IFERROR(INDEX(Pacientes!$C:$C,MATCH($B2,Pacientes!$B:$B,0)),"") | E2: Gerenciamento de Antimicrobianos (Stewardship) | F2: Recomendado ajuste renal do antimicrobiano. | G2: Aceita e implementada | H2: Médico | I2: Não
A3: 2026-04-03 | B3: PED-7731 | C3: =IFERROR(INDEX(Pacientes!$A:$A,MATCH($B3,Pacientes!$B:$B,0)),"") | D3: =IFERROR(INDEX(Pacientes!$C:$C,MATCH($B3,Pacientes!$B:$B,0)),"") | E3: Dose | F3: Ajuste de dose de ataque de vancomicina. | G3: Aceita e implementada | H3: Residente | I3: Sim
C4: =IFERROR(INDEX(Pacientes!$A:$A,MATCH($B4,Pacientes!$B:$B,0)),"") | D4: =IFERROR(INDEX(Pacientes!$C:$C,MATCH($B4,Pacientes!$B:$B,0)),"")
C5: =IFERROR(INDEX(Pacientes!$A:$A,MATCH($B5,Pacientes!$B:$B,0)),"") | D5: =IFERROR(INDEX(Pacientes!$C:$C,MATCH($B5,Pacientes!$B:$B,0)),"")
C6: =IFERROR(INDEX(Pacientes!$A:$A,MATCH($B6,Pacientes!$B:$B,0)),"") | D6: =IFERROR(INDEX(Pacientes!$C:$C,MATCH($B6,Pacientes!$B:$B,0)),"")
C7: =IFERROR(INDEX(Pacientes!$A:$A,MATCH($B7,Pacientes!$B:$B,0)),"") | D7: =IFERROR(INDEX(Pacientes!$C:$C,MATCH($B7,Pacientes!$B:$B,0)),"")
C8: =IFERROR(INDEX(Pacientes!$A:$A,MATCH($B8,Pacientes!$B:$B,0)),"") | D8: =IFERROR(INDEX(Pacientes!$C:$C,MATCH($B8,Pacientes!$B:$B,0)),"")
C9: =IFERROR(INDEX(Pacientes!$A:$A,MATCH($B9,Pacientes!$B:$B,0)),"") | D9: =IFERROR(INDEX(Pacientes!$C:$C,MATCH($B9,Pacientes!$B:$B,0)),"")
C10: =IFERROR(INDEX(Pacientes!$A:$A,MATCH($B10,Pacientes!$B:$B,0)),"") | D10: =IFERROR(INDEX(Pacientes!$C:$C,MATCH($B10,Pacientes!$B:$B,0)),"")
C11: =IFERROR(INDEX(Pacientes!$A:$A,MATCH($B11,Pacientes!$B:$B,0)),"") | D11: =IFERROR(INDEX(Pacientes!$C:$C,MATCH($B11,Pacientes!$B:$B,0)),"")
C12: =IFERROR(INDEX(Pacientes!$A:$A,MATCH($B12,Pacientes!$B:$B,0)),"") | D12: =IFERROR(INDEX(Pacientes!$C:$C,MATCH($B12,Pacientes!$B:$B,0)),"")
C13: =IFERROR(INDEX(Pacientes!$A:$A,MATCH($B13,Pacientes!$B:$B,0)),"") | D13: =IFERROR(INDEX(Pacientes!$C:$C,MATCH($B13,Pacientes!$B:$B,0)),"")
C14: =IFERROR(INDEX(Pacientes!$A:$A,MATCH($B14,Pacientes!$B:$B,0)),"") | D14: =IFERROR(INDEX(Pacientes!$C:$C,MATCH($B14,Pacientes!$B:$B,0)),"")
C15: =IFERROR(INDEX(Pacientes!$A:$A,MATCH($B15,Pacientes!$B:$B,0)),"") | D15: =IFERROR(INDEX(Pacientes!$C:$C,MATCH($B15,Pacientes!$B:$B,0)),"")
... C300: =IFERROR(INDEX(Pacientes!$A:$A,MATCH($B300,Pacientes!$B:$B,0)),"") | D300: =IFERROR(INDEX(Pacientes!$C:$C,MATCH($B300,Pacientes!$B:$B,0)),"")

Sheet Indicadores
A1: 📊 Indicadores da Farmácia Clínica
A3: Mês | B3: 5 - Maio
A4: Ano | B4: 2026
A5: Setor | B5: Todos
A7: Mês (nº) [aux] | B7: =VALUE(LEFT(B3,FIND(" ",B3)-1))
A8: Data Início [aux] | B8: =DATE(B4,B7,1)
A9: Data Fim [aux] | B9: =EOMONTH(B8,0)
A12: Indicadores do Período | D12: Intervenções por Categoria (período/setor filtrado)
A13: Total de Intervenções | B13: =SUMPRODUCT((Intervenções!$A$2:$A$300>=$B$8)*(Intervenções!$A$2:$A$300<=$B$9)*(($B$5="Todos")+(Intervenções!$D$2:$D$300=$B$5))*(Intervenções!$E$2:$E$300<>"")) | D13: Categoria | E13: Contagem
A14: Intervenções Aceitas | B14: =SUMPRODUCT((Intervenções!$A$2:$A$300>=$B$8)*(Intervenções!$A$2:$A$300<=$B$9)*(($B$5="Todos")+(Intervenções!$D$2:$D$300=$B$5))*ISNUMBER(SEARCH("Aceita",Intervenções!$G$2:$G$300))) | D14: Dose | E14: =SUMPRODUCT((Intervenções!$A$2:$A$300>=$B$8)*(Intervenções!$A$2:$A$300<=$B$9)*(($B$5="Todos")+(Intervenções!$D$2:$D$300=$B$5))*(Intervenções!$E$2:$E$300=D14))
A15: Taxa de Aceitação (%) | B15: =IF(B13=0,0,ROUND(B14/B13*100,1)) | D15: Dispensação | E15: =SUMPRODUCT((Intervenções!$A$2:$A$300>=$B$8)*(Intervenções!$A$2:$A$300<=$B$9)*(($B$5="Todos")+(Intervenções!$D$2:$D$300=$B$5))*(Intervenções!$E$2:$E$300=D15))
A16: Total de Reconciliações | B16: =SUMPRODUCT((Intervenções!$A$2:$A$300>=$B$8)*(Intervenções!$A$2:$A$300<=$B$9)*(($B$5="Todos")+(Intervenções!$D$2:$D$300=$B$5))*(Intervenções!$I$2:$I$300="Sim")) | D16: Frequência de Administração | E16: =SUMPRODUCT((Intervenções!$A$2:$A$300>=$B$8)*(Intervenções!$A$2:$A$300<=$B$9)*(($B$5="Todos")+(Intervenções!$D$2:$D$300=$B$5))*(Intervenções!$E$2:$E$300=D16))
A17: Pacientes Ativos Cadastrados | B17: =COUNTIF(Pacientes!$E:$E,"Ativo") | D17: Via / Forma Farmacêutica | E17: =SUMPRODUCT((Intervenções!$A$2:$A$300>=$B$8)*(Intervenções!$A$2:$A$300<=$B$9)*(($B$5="Todos")+(Intervenções!$D$2:$D$300=$B$5))*(Intervenções!$E$2:$E$300=D17))
A18: Pacientes com Alta | B18: =COUNTIF(Pacientes!$E:$E,"Alta") | D18: Administração por Sonda | E18: =SUMPRODUCT((Intervenções!$A$2:$A$300>=$B$8)*(Intervenções!$A$2:$A$300<=$B$9)*(($B$5="Todos")+(Intervenções!$D$2:$D$300=$B$5))*(Intervenções!$E$2:$E$300=D18))
D19: Tempo de Infusão & Diluição | E19: =SUMPRODUCT((Intervenções!$A$2:$A$300>=$B$8)*(Intervenções!$A$2:$A$300<=$B$9)*(($B$5="Todos")+(Intervenções!$D$2:$D$300=$B$5))*(Intervenções!$E$2:$E$300=D19))
D20: Indicação & Resposta Terapêutica | E20: =SUMPRODUCT((Intervenções!$A$2:$A$300>=$B$8)*(Intervenções!$A$2:$A$300<=$B$9)*(($B$5="Todos")+(Intervenções!$D$2:$D$300=$B$5))*(Intervenções!$E$2:$E$300=D20))
D21: Exames & Dispositivos | E21: =SUMPRODUCT((Intervenções!$A$2:$A$300>=$B$8)*(Intervenções!$A$2:$A$300<=$B$9)*(($B$5="Todos")+(Intervenções!$D$2:$D$300=$B$5))*(Intervenções!$E$2:$E$300=D21))
D22: Reação Adversa (RAM) | E22: =SUMPRODUCT((Intervenções!$A$2:$A$300>=$B$8)*(Intervenções!$A$2:$A$300<=$B$9)*(($B$5="Todos")+(Intervenções!$D$2:$D$300=$B$5))*(Intervenções!$E$2:$E$300=D22))
D23: Incompatibilidade & Interações | E23: =SUMPRODUCT((Intervenções!$A$2:$A$300>=$B$8)*(Intervenções!$A$2:$A$300<=$B$9)*(($B$5="Todos")+(Intervenções!$D$2:$D$300=$B$5))*(Intervenções!$E$2:$E$300=D23))
D24: Gerenciamento de Antimicrobianos (Stewardship) | E24: =SUMPRODUCT((Intervenções!$A$2:$A$300>=$B$8)*(Intervenções!$A$2:$A$300<=$B$9)*(($B$5="Todos")+(Intervenções!$D$2:$D$300=$B$5))*(Intervenções!$E$2:$E$300=D24))
D25: Analgesia Multimodal | E25: =SUMPRODUCT((Intervenções!$A$2:$A$300>=$B$8)*(Intervenções!$A$2:$A$300<=$B$9)*(($B$5="Todos")+(Intervenções!$D$2:$D$300=$B$5))*(Intervenções!$E$2:$E$300=D25))
